/*M!999999\- enable the sandbox mode */ 
-- MariaDB dump 10.19-11.6.2-MariaDB, for Linux (x86_64)
--
-- Host: localhost    Database: fbs
-- ------------------------------------------------------
-- Server version	11.6.2-MariaDB

/*!40101 SET @OLD_CHARACTER_SET_CLIENT=@@CHARACTER_SET_CLIENT */;
/*!40101 SET @OLD_CHARACTER_SET_RESULTS=@@CHARACTER_SET_RESULTS */;
/*!40101 SET @OLD_COLLATION_CONNECTION=@@COLLATION_CONNECTION */;
/*!40101 SET NAMES utf8mb4 */;
/*!40103 SET @OLD_TIME_ZONE=@@TIME_ZONE */;
/*!40103 SET TIME_ZONE='+00:00' */;
/*!40014 SET @OLD_UNIQUE_CHECKS=@@UNIQUE_CHECKS, UNIQUE_CHECKS=0 */;
/*!40014 SET @OLD_FOREIGN_KEY_CHECKS=@@FOREIGN_KEY_CHECKS, FOREIGN_KEY_CHECKS=0 */;
/*!40101 SET @OLD_SQL_MODE=@@SQL_MODE, SQL_MODE='NO_AUTO_VALUE_ON_ZERO' */;
/*M!100616 SET @OLD_NOTE_VERBOSITY=@@NOTE_VERBOSITY, NOTE_VERBOSITY=0 */;

--
-- Table structure for table `tb_absensi`
--

DROP TABLE IF EXISTS `tb_absensi`;
/*!40101 SET @saved_cs_client     = @@character_set_client */;
/*!40101 SET character_set_client = utf8 */;
CREATE TABLE `tb_absensi` (
  `id` int(11) NOT NULL AUTO_INCREMENT,
  `karyawan_id` int(11) NOT NULL,
  `tanggal` date NOT NULL,
  `jam_masuk` time NOT NULL,
  `jam_keluar` time DEFAULT NULL,
  `lembur` int(11) DEFAULT 0,
  `status` enum('Hadir','Cuti','Sakit','Izin','Alpha') NOT NULL,
  PRIMARY KEY (`id`),
  KEY `tb_absensi_ibfk_2` (`karyawan_id`),
  CONSTRAINT `tb_absensi_ibfk_2` FOREIGN KEY (`karyawan_id`) REFERENCES `tb_karyawan` (`id`) ON DELETE CASCADE
) ENGINE=InnoDB AUTO_INCREMENT=1332 DEFAULT CHARSET=utf8mb4 COLLATE=utf8mb4_unicode_ci;
/*!40101 SET character_set_client = @saved_cs_client */;

--
-- Dumping data for table `tb_absensi`
--

LOCK TABLES `tb_absensi` WRITE;
/*!40000 ALTER TABLE `tb_absensi` DISABLE KEYS */;
INSERT INTO `tb_absensi` VALUES
(1,16,'2024-10-17','08:13:00','16:34:00',3,'Hadir'),
(2,13,'2024-10-17','07:34:00','19:01:00',131,'Hadir'),
(3,2,'2024-10-17','08:28:00','16:32:00',0,'Hadir'),
(4,18,'2024-10-17','08:15:00','17:24:00',0,'Hadir'),
(5,9,'2024-10-17','07:50:00','16:52:00',0,'Hadir'),
(6,15,'2024-10-17','07:40:00','16:55:00',0,'Hadir'),
(7,6,'2024-10-17','08:07:00','17:24:00',0,'Hadir'),
(8,5,'2024-10-17','08:13:00','17:11:00',0,'Hadir'),
(10,4,'2024-10-17','07:49:00','17:17:00',0,'Hadir'),
(11,20,'2024-10-17','07:49:00','18:00:00',79,'Hadir'),
(12,11,'2024-10-17','07:51:00','16:37:00',0,'Hadir'),
(13,19,'2024-10-17','07:40:00','16:54:00',0,'Hadir'),
(15,8,'2024-10-17','08:03:00','17:22:00',0,'Hadir'),
(16,17,'2024-10-17','08:11:00','19:44:00',10,'Hadir'),
(17,12,'2024-10-17','08:11:00','17:00:00',0,'Hadir'),
(18,10,'2024-10-17','08:03:00','17:13:00',0,'Hadir'),
(20,7,'2024-10-17','08:21:00','16:51:00',0,'Hadir'),
(21,16,'2024-10-18','08:30:00','16:34:00',0,'Hadir'),
(22,13,'2024-10-18','08:10:00','16:41:00',0,'Hadir'),
(23,2,'2024-10-18','08:12:00','16:47:00',0,'Hadir'),
(24,18,'2024-10-18','08:18:00','17:26:00',0,'Hadir'),
(25,9,'2024-10-18','08:19:00','19:51:00',173,'Hadir'),
(26,15,'2024-10-18','07:36:00','16:51:00',0,'Hadir'),
(27,6,'2024-10-18','08:07:00','16:58:00',0,'Hadir'),
(28,5,'2024-10-18','07:45:00','16:49:00',0,'Hadir'),
(30,4,'2024-10-18','08:18:00','17:09:00',5,'Hadir'),
(31,20,'2024-10-18','08:19:00','17:17:00',0,'Hadir'),
(32,11,'2024-10-18','07:50:00','16:33:00',0,'Hadir'),
(33,19,'2024-10-18','07:40:00','17:07:00',0,'Hadir'),
(35,8,'2024-10-18','07:49:00','17:19:00',0,'Hadir'),
(36,17,'2024-10-18','00:00:00','00:00:00',0,'Alpha'),
(37,12,'2024-10-18','07:57:00','17:09:00',38,'Hadir'),
(38,10,'2024-10-18','08:18:00','16:34:00',0,'Hadir'),
(40,7,'2024-10-18','08:14:00','16:45:00',0,'Hadir'),
(41,16,'2024-10-21','00:00:00','00:00:00',0,'Alpha'),
(42,13,'2024-10-21','07:36:00','16:35:00',0,'Hadir'),
(43,2,'2024-10-21','08:06:00','19:36:00',161,'Hadir'),
(44,18,'2024-10-21','07:44:00','17:04:00',0,'Hadir'),
(45,9,'2024-10-21','08:26:00','16:45:00',0,'Hadir'),
(46,15,'2024-10-21','07:52:00','17:09:00',0,'Hadir'),
(47,6,'2024-10-21','00:00:00','00:00:00',0,'Alpha'),
(48,5,'2024-10-21','07:57:00','16:53:00',0,'Hadir'),
(50,4,'2024-10-21','08:10:00','17:24:00',0,'Hadir'),
(51,20,'2024-10-21','08:18:00','17:58:00',70,'Hadir'),
(52,11,'2024-10-21','07:44:00','16:31:00',0,'Hadir'),
(53,19,'2024-10-21','08:11:00','16:38:00',0,'Hadir'),
(55,8,'2024-10-21','07:53:00','17:21:00',39,'Hadir'),
(56,17,'2024-10-21','08:15:00','16:49:00',0,'Hadir'),
(57,12,'2024-10-21','07:49:00','19:28:00',131,'Hadir'),
(58,10,'2024-10-21','08:20:00','16:41:00',0,'Hadir'),
(60,7,'2024-10-21','08:05:00','17:10:00',0,'Hadir'),
(61,16,'2024-10-22','08:24:00','20:01:00',154,'Hadir'),
(62,13,'2024-10-22','07:55:00','16:50:00',0,'Hadir'),
(63,2,'2024-10-22','08:15:00','16:34:00',0,'Hadir'),
(64,18,'2024-10-22','08:28:00','16:48:00',0,'Hadir'),
(65,9,'2024-10-22','08:07:00','19:51:00',163,'Hadir'),
(66,15,'2024-10-22','07:33:00','16:38:00',0,'Hadir'),
(67,6,'2024-10-22','07:37:00','16:43:00',0,'Hadir'),
(68,5,'2024-10-22','08:29:00','17:16:00',0,'Hadir'),
(70,4,'2024-10-22','08:29:00','17:18:00',0,'Hadir'),
(71,20,'2024-10-22','07:49:00','17:23:00',0,'Hadir'),
(72,11,'2024-10-22','07:47:00','18:48:00',84,'Hadir'),
(73,19,'2024-10-22','07:45:00','17:25:00',0,'Hadir'),
(75,8,'2024-10-22','07:37:00','18:40:00',83,'Hadir'),
(76,17,'2024-10-22','07:31:00','16:45:00',0,'Hadir'),
(77,12,'2024-10-22','08:22:00','19:22:00',158,'Hadir'),
(78,10,'2024-10-22','08:10:00','16:49:00',0,'Hadir'),
(80,7,'2024-10-22','08:22:00','17:12:00',0,'Hadir'),
(81,16,'2024-10-23','07:57:00','16:52:00',0,'Hadir'),
(82,13,'2024-10-23','08:08:00','19:46:00',166,'Hadir'),
(83,2,'2024-10-23','08:18:00','16:32:00',0,'Hadir'),
(84,18,'2024-10-23','08:08:00','16:46:00',0,'Hadir'),
(85,9,'2024-10-23','08:29:00','17:01:00',0,'Hadir'),
(86,15,'2024-10-23','08:20:00','19:40:00',151,'Hadir'),
(87,6,'2024-10-23','07:58:00','17:27:00',0,'Hadir'),
(88,5,'2024-10-23','08:05:00','18:34:00',106,'Hadir'),
(90,4,'2024-10-23','08:24:00','17:11:00',0,'Hadir'),
(91,20,'2024-10-23','07:55:00','17:24:00',0,'Hadir'),
(92,11,'2024-10-23','08:09:00','16:46:00',0,'Hadir'),
(93,19,'2024-10-23','08:24:00','17:02:00',0,'Hadir'),
(95,8,'2024-10-23','07:39:00','18:13:00',93,'Hadir'),
(96,17,'2024-10-23','07:52:00','17:16:00',0,'Hadir'),
(97,12,'2024-10-23','08:15:00','17:28:00',0,'Hadir'),
(98,10,'2024-10-23','08:20:00','18:36:00',88,'Hadir'),
(100,7,'2024-10-23','08:07:00','16:38:00',0,'Hadir'),
(101,16,'2024-10-24','08:00:00','16:37:00',0,'Hadir'),
(102,13,'2024-10-24','07:38:00','16:31:00',0,'Hadir'),
(103,2,'2024-10-24','08:25:00','17:09:00',0,'Hadir'),
(104,18,'2024-10-24','08:17:00','19:33:00',140,'Hadir'),
(105,9,'2024-10-24','08:20:00','17:01:00',0,'Hadir'),
(106,15,'2024-10-24','07:39:00','17:39:00',34,'Hadir'),
(107,6,'2024-10-24','08:10:00','19:32:00',163,'Hadir'),
(108,5,'2024-10-24','07:32:00','17:03:00',0,'Hadir'),
(110,4,'2024-10-24','07:50:00','19:26:00',138,'Hadir'),
(111,20,'2024-10-24','07:55:00','20:07:00',168,'Hadir'),
(112,11,'2024-10-24','07:36:00','16:43:00',0,'Hadir'),
(113,19,'2024-10-24','08:07:00','16:36:00',0,'Hadir'),
(115,8,'2024-10-24','08:08:00','16:41:00',0,'Hadir'),
(116,17,'2024-10-24','08:22:00','17:19:00',0,'Hadir'),
(117,12,'2024-10-24','08:22:00','17:09:00',0,'Hadir'),
(118,10,'2024-10-24','07:57:00','16:54:00',0,'Hadir'),
(120,7,'2024-10-24','00:00:00','00:00:00',0,'Alpha'),
(121,16,'2024-10-25','07:38:00','17:07:00',0,'Hadir'),
(122,13,'2024-10-25','08:20:00','17:24:00',0,'Hadir'),
(123,2,'2024-10-25','07:38:00','17:07:00',0,'Hadir'),
(124,18,'2024-10-25','07:57:00','16:50:00',0,'Hadir'),
(125,9,'2024-10-25','07:35:00','16:43:00',0,'Hadir'),
(126,15,'2024-10-25','08:25:00','16:54:00',0,'Hadir'),
(127,6,'2024-10-25','07:52:00','16:47:00',0,'Hadir'),
(128,5,'2024-10-25','08:25:00','17:15:00',0,'Hadir'),
(130,4,'2024-10-25','07:48:00','17:14:00',0,'Hadir'),
(131,20,'2024-10-25','08:08:00','17:20:00',0,'Hadir'),
(132,11,'2024-10-25','08:14:00','17:12:00',0,'Hadir'),
(133,19,'2024-10-25','08:05:00','16:53:00',0,'Hadir'),
(135,8,'2024-10-25','07:34:00','17:23:00',0,'Hadir'),
(136,17,'2024-10-25','08:22:00','16:57:00',0,'Hadir'),
(137,12,'2024-10-25','07:43:00','18:52:00',119,'Hadir'),
(138,10,'2024-10-25','08:06:00','17:19:00',0,'Hadir'),
(140,7,'2024-10-25','07:36:00','17:23:00',0,'Hadir'),
(141,16,'2024-10-28','07:43:00','18:54:00',94,'Hadir'),
(142,13,'2024-10-28','07:40:00','16:49:00',0,'Hadir'),
(143,2,'2024-10-28','08:11:00','17:21:00',0,'Hadir'),
(144,18,'2024-10-28','08:01:00','16:47:00',0,'Hadir'),
(145,9,'2024-10-28','08:14:00','17:09:00',0,'Hadir'),
(146,15,'2024-10-28','07:56:00','19:22:00',159,'Hadir'),
(147,6,'2024-10-28','07:38:00','19:26:00',151,'Hadir'),
(148,5,'2024-10-28','08:04:00','20:14:00',176,'Hadir'),
(150,4,'2024-10-28','07:44:00','19:18:00',113,'Hadir'),
(151,20,'2024-10-28','08:15:00','16:51:00',0,'Hadir'),
(152,11,'2024-10-28','08:15:00','17:03:00',0,'Hadir'),
(153,19,'2024-10-28','07:35:00','16:45:00',0,'Hadir'),
(155,8,'2024-10-28','07:41:00','16:34:00',0,'Hadir'),
(156,17,'2024-10-28','08:15:00','17:20:00',0,'Hadir'),
(157,12,'2024-10-28','07:40:00','17:19:00',0,'Hadir'),
(158,10,'2024-10-28','07:31:00','16:55:00',0,'Hadir'),
(160,7,'2024-10-28','07:48:00','17:13:00',0,'Hadir'),
(161,16,'2024-10-29','07:46:00','16:33:00',0,'Hadir'),
(162,13,'2024-10-29','07:31:00','19:36:00',135,'Hadir'),
(163,2,'2024-10-29','07:37:00','16:42:00',0,'Hadir'),
(164,18,'2024-10-29','07:36:00','19:50:00',160,'Hadir'),
(165,9,'2024-10-29','07:49:00','17:20:00',0,'Hadir'),
(166,15,'2024-10-29','08:29:00','17:23:00',0,'Hadir'),
(167,6,'2024-10-29','08:16:00','16:36:00',0,'Hadir'),
(168,5,'2024-10-29','07:32:00','17:16:00',0,'Hadir'),
(170,4,'2024-10-29','07:35:00','17:01:00',0,'Hadir'),
(171,20,'2024-10-29','07:57:00','17:17:00',0,'Hadir'),
(172,11,'2024-10-29','08:12:00','16:31:00',0,'Hadir'),
(173,19,'2024-10-29','07:49:00','17:05:00',0,'Hadir'),
(175,8,'2024-10-29','07:56:00','19:36:00',143,'Hadir'),
(176,17,'2024-10-29','08:27:00','17:08:00',0,'Hadir'),
(177,12,'2024-10-29','07:30:00','16:30:00',0,'Hadir'),
(178,10,'2024-10-29','08:15:00','16:42:00',0,'Hadir'),
(180,7,'2024-10-29','00:00:00','00:00:00',0,'Alpha'),
(181,16,'2024-10-30','07:46:00','17:13:00',0,'Hadir'),
(182,13,'2024-10-30','08:24:00','16:51:00',0,'Hadir'),
(183,2,'2024-10-30','07:53:00','17:51:00',52,'Hadir'),
(184,18,'2024-10-30','07:33:00','17:00:00',0,'Hadir'),
(185,9,'2024-10-30','08:04:00','18:27:00',105,'Hadir'),
(186,15,'2024-10-30','08:21:00','17:12:00',0,'Hadir'),
(187,6,'2024-10-30','08:12:00','16:58:00',0,'Hadir'),
(188,5,'2024-10-30','08:25:00','16:38:00',0,'Hadir'),
(190,4,'2024-10-30','08:28:00','16:33:00',0,'Hadir'),
(191,20,'2024-10-30','08:13:00','17:04:00',0,'Hadir'),
(192,11,'2024-10-30','00:00:00','00:00:00',0,'Alpha'),
(193,19,'2024-10-30','07:30:00','17:17:00',0,'Hadir'),
(195,8,'2024-10-30','07:58:00','17:02:00',0,'Hadir'),
(196,17,'2024-10-30','07:38:00','17:18:00',0,'Hadir'),
(197,12,'2024-10-30','07:51:00','16:35:00',0,'Hadir'),
(198,10,'2024-10-30','07:40:00','16:50:00',0,'Hadir'),
(200,7,'2024-10-30','07:55:00','17:01:00',0,'Hadir'),
(201,16,'2024-10-31','08:27:00','16:55:00',0,'Hadir'),
(202,13,'2024-10-31','07:42:00','16:33:00',0,'Hadir'),
(203,2,'2024-10-31','08:13:00','18:22:00',55,'Hadir'),
(204,18,'2024-10-31','00:00:00','00:00:00',0,'Alpha'),
(205,9,'2024-10-31','08:25:00','17:07:00',0,'Hadir'),
(206,15,'2024-10-31','07:31:00','17:17:00',0,'Hadir'),
(207,6,'2024-10-31','08:17:00','17:26:00',0,'Hadir'),
(208,5,'2024-10-31','08:18:00','17:13:00',0,'Hadir'),
(210,4,'2024-10-31','08:27:00','16:41:00',0,'Hadir'),
(211,20,'2024-10-31','07:46:00','16:52:00',0,'Hadir'),
(212,11,'2024-10-31','08:18:00','16:59:00',0,'Hadir'),
(213,19,'2024-10-31','08:03:00','17:30:00',0,'Hadir'),
(215,8,'2024-10-31','07:38:00','17:05:00',0,'Hadir'),
(216,17,'2024-10-31','08:11:00','16:51:00',0,'Hadir'),
(217,12,'2024-10-31','08:22:00','17:22:00',0,'Hadir'),
(218,10,'2024-10-31','07:44:00','18:49:00',87,'Hadir'),
(220,7,'2024-10-31','08:06:00','17:03:00',0,'Hadir'),
(221,16,'2024-11-01','07:59:00','17:08:00',0,'Hadir'),
(222,13,'2024-11-01','07:42:00','16:55:00',0,'Hadir'),
(223,2,'2024-11-01','07:34:00','18:06:00',61,'Hadir'),
(224,18,'2024-11-01','07:41:00','17:10:00',0,'Hadir'),
(225,9,'2024-11-01','07:51:00','17:25:00',0,'Hadir'),
(226,15,'2024-11-01','08:16:00','17:17:00',0,'Hadir'),
(227,6,'2024-11-01','08:12:00','19:08:00',150,'Hadir'),
(228,5,'2024-11-01','08:09:00','17:24:00',0,'Hadir'),
(230,4,'2024-11-01','08:24:00','17:17:00',0,'Hadir'),
(231,20,'2024-11-01','08:09:00','16:39:00',0,'Hadir'),
(232,11,'2024-11-01','08:26:00','16:32:00',0,'Hadir'),
(233,19,'2024-11-01','00:00:00','00:00:00',0,'Alpha'),
(235,8,'2024-11-01','08:25:00','16:51:00',0,'Hadir'),
(236,17,'2024-11-01','07:45:00','17:13:00',0,'Hadir'),
(237,12,'2024-11-01','07:54:00','16:30:00',0,'Hadir'),
(238,10,'2024-11-01','07:56:00','17:08:00',0,'Hadir'),
(240,7,'2024-11-01','08:28:00','16:34:00',0,'Hadir'),
(241,16,'2024-11-04','07:40:00','19:24:00',114,'Hadir'),
(242,13,'2024-11-04','08:09:00','16:47:00',0,'Hadir'),
(243,2,'2024-11-04','07:59:00','16:52:00',0,'Hadir'),
(244,18,'2024-11-04','07:36:00','17:17:00',0,'Hadir'),
(245,9,'2024-11-04','07:38:00','17:06:00',0,'Hadir'),
(246,15,'2024-11-04','07:36:00','16:44:00',0,'Hadir'),
(247,6,'2024-11-04','07:44:00','17:18:00',0,'Hadir'),
(248,5,'2024-11-04','07:31:00','17:05:00',0,'Hadir'),
(250,4,'2024-11-04','07:41:00','16:42:00',0,'Hadir'),
(251,20,'2024-11-04','07:49:00','19:20:00',165,'Hadir'),
(252,11,'2024-11-04','08:21:00','16:39:00',0,'Hadir'),
(253,19,'2024-11-04','07:56:00','16:52:00',0,'Hadir'),
(255,8,'2024-11-04','08:14:00','17:23:00',46,'Hadir'),
(256,17,'2024-11-04','00:00:00','00:00:00',0,'Alpha'),
(257,12,'2024-11-04','07:48:00','17:21:00',0,'Hadir'),
(258,10,'2024-11-04','07:59:00','16:59:00',0,'Hadir'),
(260,7,'2024-11-04','00:00:00','00:00:00',0,'Alpha'),
(261,16,'2024-11-05','07:49:00','16:45:00',0,'Hadir'),
(262,13,'2024-11-05','08:14:00','18:07:00',88,'Hadir'),
(263,2,'2024-11-05','07:58:00','17:22:00',0,'Hadir'),
(264,18,'2024-11-05','07:53:00','16:33:00',0,'Hadir'),
(265,9,'2024-11-05','08:18:00','16:38:00',0,'Hadir'),
(266,15,'2024-11-05','08:28:00','16:34:00',0,'Hadir'),
(267,6,'2024-11-05','08:02:00','16:35:00',0,'Hadir'),
(268,5,'2024-11-05','08:03:00','16:51:00',0,'Hadir'),
(270,4,'2024-11-05','00:00:00','00:00:00',0,'Alpha'),
(271,20,'2024-11-05','07:35:00','17:29:00',0,'Hadir'),
(272,11,'2024-11-05','08:28:00','17:19:00',0,'Hadir'),
(273,19,'2024-11-05','08:18:00','17:15:00',0,'Hadir'),
(275,8,'2024-11-05','08:07:00','17:08:00',0,'Hadir'),
(276,17,'2024-11-05','08:22:00','16:46:00',0,'Hadir'),
(277,12,'2024-11-05','07:36:00','17:29:00',48,'Hadir'),
(278,10,'2024-11-05','08:06:00','18:39:00',124,'Hadir'),
(280,7,'2024-11-05','07:46:00','16:49:00',0,'Hadir'),
(281,16,'2024-11-06','07:50:00','17:29:00',0,'Hadir'),
(282,13,'2024-11-06','07:53:00','17:24:00',0,'Hadir'),
(283,2,'2024-11-06','08:26:00','16:51:00',0,'Hadir'),
(284,18,'2024-11-06','08:27:00','16:33:00',0,'Hadir'),
(285,9,'2024-11-06','08:01:00','17:29:00',0,'Hadir'),
(286,15,'2024-11-06','07:57:00','20:19:00',177,'Hadir'),
(287,6,'2024-11-06','07:32:00','17:00:00',0,'Hadir'),
(288,5,'2024-11-06','07:50:00','17:14:00',0,'Hadir'),
(290,4,'2024-11-06','07:49:00','19:09:00',101,'Hadir'),
(291,20,'2024-11-06','07:37:00','16:48:00',0,'Hadir'),
(292,11,'2024-11-06','07:45:00','17:08:00',0,'Hadir'),
(293,19,'2024-11-06','07:48:00','17:17:00',0,'Hadir'),
(295,8,'2024-11-06','08:03:00','17:23:00',0,'Hadir'),
(296,17,'2024-11-06','08:11:00','16:48:00',0,'Hadir'),
(297,12,'2024-11-06','08:24:00','17:07:00',0,'Hadir'),
(298,10,'2024-11-06','07:35:00','19:48:00',179,'Hadir'),
(300,7,'2024-11-06','08:14:00','20:12:00',168,'Hadir'),
(301,16,'2024-11-07','07:35:00','19:46:00',177,'Hadir'),
(302,13,'2024-11-07','08:22:00','19:38:00',158,'Hadir'),
(303,2,'2024-11-07','07:31:00','16:34:00',0,'Hadir'),
(304,18,'2024-11-07','08:14:00','18:30:00',67,'Hadir'),
(305,9,'2024-11-07','08:15:00','17:19:00',0,'Hadir'),
(306,15,'2024-11-07','07:38:00','17:27:00',0,'Hadir'),
(307,6,'2024-11-07','08:10:00','17:09:00',0,'Hadir'),
(308,5,'2024-11-07','00:00:00','00:00:00',0,'Alpha'),
(310,4,'2024-11-07','08:20:00','16:41:00',0,'Hadir'),
(311,20,'2024-11-07','08:02:00','16:37:00',0,'Hadir'),
(312,11,'2024-11-07','07:54:00','16:39:00',0,'Hadir'),
(313,19,'2024-11-07','07:32:00','16:43:00',0,'Hadir'),
(315,8,'2024-11-07','08:22:00','18:37:00',103,'Hadir'),
(316,17,'2024-11-07','08:15:00','16:34:00',0,'Hadir'),
(317,12,'2024-11-07','08:03:00','17:30:00',0,'Hadir'),
(318,10,'2024-11-07','07:53:00','18:23:00',90,'Hadir'),
(320,7,'2024-11-07','07:44:00','17:24:00',0,'Hadir'),
(321,16,'2024-11-08','07:31:00','16:51:00',0,'Hadir'),
(322,13,'2024-11-08','08:06:00','16:31:00',0,'Hadir'),
(323,2,'2024-11-08','08:11:00','17:12:00',0,'Hadir'),
(324,18,'2024-11-08','07:48:00','17:28:00',0,'Hadir'),
(325,9,'2024-11-08','07:45:00','17:07:00',0,'Hadir'),
(326,15,'2024-11-08','07:55:00','18:21:00',66,'Hadir'),
(327,6,'2024-11-08','07:59:00','17:29:00',0,'Hadir'),
(328,5,'2024-11-08','08:01:00','17:26:00',0,'Hadir'),
(330,4,'2024-11-08','08:22:00','17:22:00',0,'Hadir'),
(331,20,'2024-11-08','07:58:00','16:56:00',0,'Hadir'),
(332,11,'2024-11-08','07:38:00','16:43:00',0,'Hadir'),
(333,19,'2024-11-08','08:18:00','16:58:00',0,'Hadir'),
(335,8,'2024-11-08','07:34:00','17:10:00',0,'Hadir'),
(336,17,'2024-11-08','08:07:00','16:45:00',0,'Hadir'),
(337,12,'2024-11-08','08:22:00','17:30:00',0,'Hadir'),
(338,10,'2024-11-08','08:07:00','17:29:00',0,'Hadir'),
(340,7,'2024-11-08','07:30:00','19:14:00',120,'Hadir'),
(341,16,'2024-11-11','07:35:00','16:42:00',0,'Hadir'),
(342,13,'2024-11-11','07:33:00','16:37:00',0,'Hadir'),
(343,2,'2024-11-11','07:33:00','18:02:00',75,'Hadir'),
(344,18,'2024-11-11','00:00:00','00:00:00',0,'Alpha'),
(345,9,'2024-11-11','07:59:00','18:31:00',94,'Hadir'),
(346,15,'2024-11-11','08:29:00','17:26:00',0,'Hadir'),
(347,6,'2024-11-11','07:52:00','16:35:00',0,'Hadir'),
(348,5,'2024-11-11','00:00:00','00:00:00',0,'Alpha'),
(350,4,'2024-11-11','08:23:00','19:21:00',141,'Hadir'),
(351,20,'2024-11-11','08:18:00','17:26:00',0,'Hadir'),
(352,11,'2024-11-11','07:38:00','16:56:00',0,'Hadir'),
(353,19,'2024-11-11','07:41:00','17:11:00',0,'Hadir'),
(355,8,'2024-11-11','07:41:00','17:27:00',0,'Hadir'),
(356,17,'2024-11-11','07:32:00','16:59:00',0,'Hadir'),
(357,12,'2024-11-11','08:00:00','16:31:00',0,'Hadir'),
(358,10,'2024-11-11','08:17:00','16:58:00',0,'Hadir'),
(360,7,'2024-11-11','00:00:00','00:00:00',0,'Alpha'),
(361,16,'2024-11-12','08:03:00','18:39:00',106,'Hadir'),
(362,13,'2024-11-12','07:35:00','19:39:00',164,'Hadir'),
(363,2,'2024-11-12','08:06:00','16:39:00',0,'Hadir'),
(364,18,'2024-11-12','08:06:00','17:26:00',0,'Hadir'),
(365,9,'2024-11-12','07:54:00','16:46:00',0,'Hadir'),
(366,15,'2024-11-12','07:40:00','16:59:00',0,'Hadir'),
(367,6,'2024-11-12','08:20:00','18:47:00',109,'Hadir'),
(368,5,'2024-11-12','08:08:00','17:06:00',0,'Hadir'),
(370,4,'2024-11-12','07:54:00','17:03:00',0,'Hadir'),
(371,20,'2024-11-12','08:24:00','17:20:00',0,'Hadir'),
(372,11,'2024-11-12','08:29:00','16:58:00',0,'Hadir'),
(373,19,'2024-11-12','08:01:00','16:51:00',0,'Hadir'),
(375,8,'2024-11-12','08:09:00','17:02:00',0,'Hadir'),
(376,17,'2024-11-12','00:00:00','00:00:00',0,'Alpha'),
(377,12,'2024-11-12','08:20:00','17:08:00',0,'Hadir'),
(378,10,'2024-11-12','08:26:00','17:16:00',0,'Hadir'),
(380,7,'2024-11-12','08:13:00','16:57:00',0,'Hadir'),
(381,16,'2024-11-13','08:00:00','20:14:00',179,'Hadir'),
(382,13,'2024-11-13','07:45:00','16:58:00',0,'Hadir'),
(383,2,'2024-11-13','08:20:00','16:44:00',0,'Hadir'),
(384,18,'2024-11-13','08:25:00','16:42:00',0,'Hadir'),
(385,9,'2024-11-13','08:05:00','17:23:00',0,'Hadir'),
(386,15,'2024-11-13','07:32:00','16:46:00',0,'Hadir'),
(387,6,'2024-11-13','08:26:00','17:10:00',0,'Hadir'),
(388,5,'2024-11-13','07:34:00','16:35:00',0,'Hadir'),
(390,4,'2024-11-13','08:29:00','16:46:00',0,'Hadir'),
(391,20,'2024-11-13','08:11:00','16:34:00',0,'Hadir'),
(392,11,'2024-11-13','08:18:00','17:06:00',0,'Hadir'),
(393,19,'2024-11-13','08:00:00','16:39:00',0,'Hadir'),
(395,8,'2024-11-13','07:37:00','16:33:00',0,'Hadir'),
(396,17,'2024-11-13','07:40:00','17:24:00',0,'Hadir'),
(397,12,'2024-11-13','08:20:00','18:30:00',103,'Hadir'),
(398,10,'2024-11-13','08:08:00','17:22:00',0,'Hadir'),
(400,7,'2024-11-13','07:57:00','16:53:00',0,'Hadir'),
(401,16,'2024-11-14','08:30:00','17:00:00',0,'Hadir'),
(402,13,'2024-11-14','08:09:00','17:05:00',0,'Hadir'),
(403,2,'2024-11-14','08:19:00','17:15:00',0,'Hadir'),
(404,18,'2024-11-14','08:03:00','16:40:00',0,'Hadir'),
(405,9,'2024-11-14','07:38:00','17:34:00',61,'Hadir'),
(406,15,'2024-11-14','00:00:00','00:00:00',0,'Alpha'),
(407,6,'2024-11-14','08:23:00','16:58:00',0,'Hadir'),
(408,5,'2024-11-14','00:00:00','00:00:00',0,'Alpha'),
(410,4,'2024-11-14','07:59:00','16:54:00',0,'Hadir'),
(411,20,'2024-11-14','08:25:00','17:21:00',37,'Hadir'),
(412,11,'2024-11-14','08:00:00','17:06:00',0,'Hadir'),
(413,19,'2024-11-14','08:29:00','17:27:00',0,'Hadir'),
(415,8,'2024-11-14','08:13:00','17:20:00',0,'Hadir'),
(416,17,'2024-11-14','08:02:00','17:17:00',0,'Hadir'),
(417,12,'2024-11-14','08:12:00','17:06:00',0,'Hadir'),
(418,10,'2024-11-14','08:03:00','18:25:00',55,'Hadir'),
(420,7,'2024-11-14','07:43:00','16:56:00',0,'Hadir'),
(421,16,'2024-11-15','08:26:00','17:25:00',0,'Hadir'),
(422,13,'2024-11-15','08:29:00','17:24:00',0,'Hadir'),
(423,2,'2024-11-15','08:28:00','16:46:00',0,'Hadir'),
(424,18,'2024-11-15','08:04:00','16:47:00',0,'Hadir'),
(425,9,'2024-11-15','08:24:00','18:22:00',86,'Hadir'),
(426,15,'2024-11-15','07:51:00','17:06:00',0,'Hadir'),
(427,6,'2024-11-15','08:26:00','16:42:00',0,'Hadir'),
(428,5,'2024-11-15','00:00:00','00:00:00',0,'Alpha'),
(430,4,'2024-11-15','07:51:00','17:26:00',53,'Hadir'),
(431,20,'2024-11-15','08:27:00','17:21:00',0,'Hadir'),
(432,11,'2024-11-15','08:03:00','16:39:00',0,'Hadir'),
(433,19,'2024-11-15','08:15:00','17:58:00',55,'Hadir'),
(435,8,'2024-11-15','08:12:00','17:26:00',0,'Hadir'),
(436,17,'2024-11-15','08:26:00','16:51:00',0,'Hadir'),
(437,12,'2024-11-15','07:52:00','19:46:00',148,'Hadir'),
(438,10,'2024-11-15','08:08:00','17:19:00',0,'Hadir'),
(440,7,'2024-11-15','07:44:00','16:30:00',0,'Hadir'),
(441,16,'2024-11-18','07:33:00','16:43:00',0,'Hadir'),
(442,13,'2024-11-18','08:14:00','17:06:00',0,'Hadir'),
(443,2,'2024-11-18','08:09:00','19:29:00',159,'Hadir'),
(444,18,'2024-11-18','00:00:00','00:00:00',0,'Alpha'),
(445,9,'2024-11-18','08:24:00','19:01:00',140,'Hadir'),
(446,15,'2024-11-18','08:27:00','17:09:00',0,'Hadir'),
(447,6,'2024-11-18','00:00:00','00:00:00',0,'Alpha'),
(448,5,'2024-11-18','08:13:00','17:00:00',0,'Hadir'),
(450,4,'2024-11-18','08:14:00','17:10:00',0,'Hadir'),
(451,20,'2024-11-18','07:33:00','19:40:00',156,'Hadir'),
(452,11,'2024-11-18','08:04:00','17:21:00',0,'Hadir'),
(453,19,'2024-11-18','00:00:00','00:00:00',0,'Alpha'),
(455,8,'2024-11-18','07:58:00','16:33:00',0,'Hadir'),
(456,17,'2024-11-18','07:37:00','17:03:00',0,'Hadir'),
(457,12,'2024-11-18','07:44:00','16:46:00',0,'Hadir'),
(458,10,'2024-11-18','08:12:00','17:23:00',0,'Hadir'),
(460,7,'2024-11-18','08:25:00','16:47:00',0,'Hadir'),
(461,16,'2024-11-19','00:00:00','00:00:00',0,'Alpha'),
(462,13,'2024-11-19','07:30:00','16:39:00',0,'Hadir'),
(463,2,'2024-11-19','08:13:00','17:04:00',0,'Hadir'),
(464,18,'2024-11-19','07:59:00','18:19:00',68,'Hadir'),
(465,9,'2024-11-19','08:03:00','16:37:00',0,'Hadir'),
(466,15,'2024-11-19','07:35:00','17:08:00',0,'Hadir'),
(467,6,'2024-11-19','07:31:00','17:18:00',0,'Hadir'),
(468,5,'2024-11-19','07:56:00','16:55:00',0,'Hadir'),
(470,4,'2024-11-19','07:39:00','17:18:00',0,'Hadir'),
(471,20,'2024-11-19','07:36:00','16:47:00',0,'Hadir'),
(472,11,'2024-11-19','08:12:00','17:21:00',0,'Hadir'),
(473,19,'2024-11-19','08:26:00','17:09:00',0,'Hadir'),
(475,8,'2024-11-19','07:58:00','17:00:00',0,'Hadir'),
(476,17,'2024-11-19','08:06:00','16:34:00',0,'Hadir'),
(477,12,'2024-11-19','07:40:00','16:37:00',0,'Hadir'),
(478,10,'2024-11-19','08:20:00','17:23:00',0,'Hadir'),
(480,7,'2024-11-19','08:23:00','17:14:00',0,'Hadir'),
(481,16,'2024-11-20','07:56:00','17:01:00',0,'Hadir'),
(482,13,'2024-11-20','08:02:00','16:47:00',0,'Hadir'),
(483,2,'2024-11-20','08:27:00','16:44:00',0,'Hadir'),
(484,18,'2024-11-20','07:59:00','18:14:00',84,'Hadir'),
(485,9,'2024-11-20','08:18:00','16:47:00',0,'Hadir'),
(486,15,'2024-11-20','08:08:00','16:44:00',0,'Hadir'),
(487,6,'2024-11-20','07:43:00','17:05:00',0,'Hadir'),
(488,5,'2024-11-20','08:08:00','16:35:00',0,'Hadir'),
(490,4,'2024-11-20','08:18:00','16:37:00',0,'Hadir'),
(491,20,'2024-11-20','07:52:00','18:34:00',117,'Hadir'),
(492,11,'2024-11-20','08:15:00','16:53:00',0,'Hadir'),
(493,19,'2024-11-20','08:19:00','17:07:00',0,'Hadir'),
(495,8,'2024-11-20','08:30:00','16:34:00',0,'Hadir'),
(496,17,'2024-11-20','07:58:00','16:39:00',0,'Hadir'),
(497,12,'2024-11-20','08:08:00','17:08:00',0,'Hadir'),
(498,10,'2024-11-20','07:50:00','17:15:00',0,'Hadir'),
(500,7,'2024-11-20','07:58:00','16:32:00',0,'Hadir'),
(501,16,'2024-11-21','07:56:00','17:13:00',0,'Hadir'),
(502,13,'2024-11-21','07:45:00','19:31:00',150,'Hadir'),
(503,2,'2024-11-21','07:38:00','16:33:00',0,'Hadir'),
(504,18,'2024-11-21','07:56:00','16:32:00',0,'Hadir'),
(505,9,'2024-11-21','07:44:00','17:21:00',0,'Hadir'),
(506,15,'2024-11-21','08:10:00','16:35:00',0,'Hadir'),
(507,6,'2024-11-21','08:03:00','16:48:00',0,'Hadir'),
(508,5,'2024-11-21','07:50:00','16:42:00',0,'Hadir'),
(510,4,'2024-11-21','07:54:00','17:10:00',0,'Hadir'),
(511,20,'2024-11-21','07:43:00','19:20:00',157,'Hadir'),
(512,11,'2024-11-21','07:36:00','17:18:00',0,'Hadir'),
(513,19,'2024-11-21','08:00:00','16:30:00',0,'Hadir'),
(515,8,'2024-11-21','07:48:00','17:14:00',0,'Hadir'),
(516,17,'2024-11-21','08:04:00','17:12:00',0,'Hadir'),
(517,12,'2024-11-21','07:45:00','17:02:00',0,'Hadir'),
(518,10,'2024-11-21','07:36:00','18:45:00',115,'Hadir'),
(520,7,'2024-11-21','07:30:00','16:31:00',0,'Hadir'),
(521,16,'2024-11-22','07:41:00','17:11:00',0,'Hadir'),
(522,13,'2024-11-22','08:29:00','17:28:00',0,'Hadir'),
(523,2,'2024-11-22','07:37:00','17:08:00',0,'Hadir'),
(524,18,'2024-11-22','08:13:00','17:41:00',67,'Hadir'),
(525,9,'2024-11-22','07:52:00','16:45:00',0,'Hadir'),
(526,15,'2024-11-22','07:42:00','17:16:00',0,'Hadir'),
(527,6,'2024-11-22','00:00:00','00:00:00',0,'Alpha'),
(528,5,'2024-11-22','08:27:00','16:47:00',0,'Hadir'),
(530,4,'2024-11-22','08:25:00','16:40:00',0,'Hadir'),
(531,20,'2024-11-22','07:34:00','16:55:00',0,'Hadir'),
(532,11,'2024-11-22','07:31:00','17:15:00',0,'Hadir'),
(533,19,'2024-11-22','07:52:00','17:30:00',0,'Hadir'),
(535,8,'2024-11-22','07:44:00','19:07:00',118,'Hadir'),
(536,17,'2024-11-22','07:37:00','16:31:00',0,'Hadir'),
(537,12,'2024-11-22','08:29:00','17:13:00',0,'Hadir'),
(538,10,'2024-11-22','08:29:00','16:40:00',0,'Hadir'),
(540,7,'2024-11-22','07:32:00','16:43:00',0,'Hadir'),
(541,16,'2024-11-25','07:37:00','16:33:00',0,'Hadir'),
(542,13,'2024-11-25','07:47:00','16:45:00',0,'Hadir'),
(543,2,'2024-11-25','07:49:00','16:37:00',0,'Hadir'),
(544,18,'2024-11-25','07:30:00','18:23:00',79,'Hadir'),
(545,9,'2024-11-25','08:00:00','17:15:00',33,'Hadir'),
(546,15,'2024-11-25','00:00:00','00:00:00',0,'Alpha'),
(547,6,'2024-11-25','07:31:00','17:07:00',0,'Hadir'),
(548,5,'2024-11-25','08:19:00','17:02:00',0,'Hadir'),
(550,4,'2024-11-25','07:57:00','17:15:00',0,'Hadir'),
(551,20,'2024-11-25','07:52:00','18:01:00',83,'Hadir'),
(552,11,'2024-11-25','08:18:00','16:40:00',0,'Hadir'),
(553,19,'2024-11-25','08:04:00','17:03:00',0,'Hadir'),
(555,8,'2024-11-25','08:21:00','16:55:00',0,'Hadir'),
(556,17,'2024-11-25','07:35:00','17:04:00',0,'Hadir'),
(557,12,'2024-11-25','07:32:00','16:37:00',0,'Hadir'),
(558,10,'2024-11-25','08:06:00','16:43:00',0,'Hadir'),
(560,7,'2024-11-25','08:07:00','17:10:00',0,'Hadir'),
(561,16,'2024-11-26','07:41:00','16:58:00',0,'Hadir'),
(562,13,'2024-11-26','07:40:00','17:09:00',0,'Hadir'),
(563,2,'2024-11-26','07:48:00','16:30:00',0,'Hadir'),
(564,18,'2024-11-26','07:58:00','17:18:00',0,'Hadir'),
(565,9,'2024-11-26','00:00:00','00:00:00',0,'Alpha'),
(566,15,'2024-11-26','07:57:00','17:11:00',0,'Hadir'),
(567,6,'2024-11-26','07:30:00','17:09:00',0,'Hadir'),
(568,5,'2024-11-26','07:58:00','16:51:00',0,'Hadir'),
(570,4,'2024-11-26','08:30:00','17:26:00',0,'Hadir'),
(571,20,'2024-11-26','08:09:00','17:07:00',0,'Hadir'),
(572,11,'2024-11-26','08:12:00','16:34:00',0,'Hadir'),
(573,19,'2024-11-26','07:56:00','17:03:00',0,'Hadir'),
(575,8,'2024-11-26','08:27:00','17:17:00',0,'Hadir'),
(576,17,'2024-11-26','07:42:00','18:11:00',65,'Hadir'),
(577,12,'2024-11-26','08:02:00','17:30:00',0,'Hadir'),
(578,10,'2024-11-26','00:00:00','00:00:00',0,'Alpha'),
(580,7,'2024-11-26','07:45:00','16:52:00',0,'Hadir'),
(581,16,'2024-11-27','08:28:00','17:59:00',37,'Hadir'),
(582,13,'2024-11-27','07:32:00','16:31:00',0,'Hadir'),
(583,2,'2024-11-27','07:53:00','16:33:00',0,'Hadir'),
(584,18,'2024-11-27','08:23:00','16:31:00',0,'Hadir'),
(585,9,'2024-11-27','08:08:00','18:02:00',71,'Hadir'),
(586,15,'2024-11-27','08:26:00','19:13:00',149,'Hadir'),
(587,6,'2024-11-27','08:15:00','17:28:00',0,'Hadir'),
(588,5,'2024-11-27','07:37:00','17:10:00',0,'Hadir'),
(590,4,'2024-11-27','08:04:00','16:31:00',0,'Hadir'),
(591,20,'2024-11-27','08:19:00','17:20:00',0,'Hadir'),
(592,11,'2024-11-27','08:23:00','16:51:00',0,'Hadir'),
(593,19,'2024-11-27','07:46:00','17:10:00',0,'Hadir'),
(595,8,'2024-11-27','08:09:00','16:51:00',0,'Hadir'),
(596,17,'2024-11-27','07:33:00','16:54:00',0,'Hadir'),
(597,12,'2024-11-27','07:56:00','18:47:00',136,'Hadir'),
(598,10,'2024-11-27','07:37:00','17:56:00',49,'Hadir'),
(600,7,'2024-11-27','07:54:00','16:42:00',0,'Hadir'),
(601,16,'2024-11-28','08:09:00','16:37:00',0,'Hadir'),
(602,13,'2024-11-28','07:31:00','17:22:00',0,'Hadir'),
(603,2,'2024-11-28','07:50:00','19:28:00',151,'Hadir'),
(604,18,'2024-11-28','08:09:00','17:12:00',0,'Hadir'),
(605,9,'2024-11-28','07:51:00','16:59:00',0,'Hadir'),
(606,15,'2024-11-28','07:56:00','16:41:00',0,'Hadir'),
(607,6,'2024-11-28','07:41:00','19:41:00',151,'Hadir'),
(608,5,'2024-11-28','07:32:00','17:18:00',0,'Hadir'),
(610,4,'2024-11-28','07:41:00','16:36:00',0,'Hadir'),
(611,20,'2024-11-28','07:58:00','17:03:00',0,'Hadir'),
(612,11,'2024-11-28','07:30:00','16:46:00',0,'Hadir'),
(613,19,'2024-11-28','07:50:00','17:07:00',0,'Hadir'),
(615,8,'2024-11-28','07:39:00','16:58:00',0,'Hadir'),
(616,17,'2024-11-28','07:44:00','17:26:00',0,'Hadir'),
(617,12,'2024-11-28','08:07:00','16:34:00',0,'Hadir'),
(618,10,'2024-11-28','08:25:00','17:20:00',0,'Hadir'),
(620,7,'2024-11-28','07:42:00','16:53:00',0,'Hadir'),
(621,16,'2024-11-29','08:09:00','17:18:00',0,'Hadir'),
(622,13,'2024-11-29','08:21:00','17:09:00',0,'Hadir'),
(623,2,'2024-11-29','08:22:00','19:52:00',157,'Hadir'),
(624,18,'2024-11-29','08:12:00','17:07:00',0,'Hadir'),
(625,9,'2024-11-29','08:17:00','17:04:00',0,'Hadir'),
(626,15,'2024-11-29','07:36:00','17:25:00',0,'Hadir'),
(627,6,'2024-11-29','07:44:00','18:20:00',74,'Hadir'),
(628,5,'2024-11-29','08:27:00','16:36:00',0,'Hadir'),
(630,4,'2024-11-29','08:10:00','17:24:00',0,'Hadir'),
(631,20,'2024-11-29','07:47:00','16:48:00',0,'Hadir'),
(632,11,'2024-11-29','08:08:00','17:01:00',0,'Hadir'),
(633,19,'2024-11-29','08:19:00','17:30:00',0,'Hadir'),
(635,8,'2024-11-29','08:29:00','18:10:00',68,'Hadir'),
(636,17,'2024-11-29','07:33:00','17:23:00',0,'Hadir'),
(637,12,'2024-11-29','08:09:00','18:11:00',46,'Hadir'),
(638,10,'2024-11-29','07:56:00','16:37:00',0,'Hadir'),
(640,7,'2024-11-29','08:12:00','18:35:00',79,'Hadir'),
(641,16,'2024-12-02','07:52:00','17:47:00',65,'Hadir'),
(642,13,'2024-12-02','07:51:00','16:46:00',0,'Hadir'),
(643,2,'2024-12-02','07:57:00','17:13:00',0,'Hadir'),
(644,18,'2024-12-02','07:57:00','16:40:00',0,'Hadir'),
(645,9,'2024-12-02','07:34:00','19:13:00',147,'Hadir'),
(646,15,'2024-12-02','07:53:00','17:03:00',0,'Hadir'),
(647,6,'2024-12-02','08:19:00','16:53:00',0,'Hadir'),
(648,5,'2024-12-02','08:16:00','16:30:00',0,'Hadir'),
(650,4,'2024-12-02','08:25:00','18:00:00',83,'Hadir'),
(651,20,'2024-12-02','07:44:00','16:40:00',0,'Hadir'),
(652,11,'2024-12-02','08:01:00','16:45:00',0,'Hadir'),
(653,19,'2024-12-02','07:38:00','17:15:00',0,'Hadir'),
(655,8,'2024-12-02','08:29:00','17:05:00',0,'Hadir'),
(656,17,'2024-12-02','08:22:00','17:03:00',0,'Hadir'),
(657,12,'2024-12-02','08:13:00','17:19:00',0,'Hadir'),
(658,10,'2024-12-02','08:11:00','16:50:00',0,'Hadir'),
(660,7,'2024-12-02','08:17:00','17:16:00',0,'Hadir'),
(661,16,'2024-12-03','07:49:00','20:01:00',159,'Hadir'),
(662,13,'2024-12-03','07:58:00','16:53:00',0,'Hadir'),
(663,2,'2024-12-03','08:23:00','16:31:00',0,'Hadir'),
(664,18,'2024-12-03','07:49:00','16:45:00',0,'Hadir'),
(665,9,'2024-12-03','08:08:00','18:44:00',100,'Hadir'),
(666,15,'2024-12-03','07:42:00','16:36:00',0,'Hadir'),
(667,6,'2024-12-03','07:58:00','16:34:00',0,'Hadir'),
(668,5,'2024-12-03','08:22:00','16:51:00',0,'Hadir'),
(670,4,'2024-12-03','08:25:00','18:25:00',82,'Hadir'),
(671,20,'2024-12-03','07:42:00','16:38:00',0,'Hadir'),
(672,11,'2024-12-03','07:52:00','17:21:00',0,'Hadir'),
(673,19,'2024-12-03','08:28:00','17:09:00',0,'Hadir'),
(675,8,'2024-12-03','07:40:00','17:07:00',0,'Hadir'),
(676,17,'2024-12-03','08:09:00','17:04:00',0,'Hadir'),
(677,12,'2024-12-03','07:30:00','16:55:00',0,'Hadir'),
(678,10,'2024-12-03','07:34:00','17:18:00',30,'Hadir'),
(680,7,'2024-12-03','07:58:00','17:23:00',0,'Hadir'),
(681,16,'2024-12-04','07:58:00','17:52:00',40,'Hadir'),
(682,13,'2024-12-04','07:34:00','16:43:00',0,'Hadir'),
(683,2,'2024-12-04','07:35:00','17:41:00',37,'Hadir'),
(684,18,'2024-12-04','07:30:00','16:44:00',0,'Hadir'),
(685,9,'2024-12-04','08:15:00','16:48:00',0,'Hadir'),
(686,15,'2024-12-04','07:48:00','16:50:00',0,'Hadir'),
(687,6,'2024-12-04','07:43:00','16:54:00',0,'Hadir'),
(688,5,'2024-12-04','07:44:00','18:08:00',62,'Hadir'),
(690,4,'2024-12-04','07:43:00','17:25:00',0,'Hadir'),
(691,20,'2024-12-04','07:45:00','17:02:00',0,'Hadir'),
(692,11,'2024-12-04','08:24:00','18:10:00',67,'Hadir'),
(693,19,'2024-12-04','07:34:00','16:41:00',0,'Hadir'),
(695,8,'2024-12-04','07:42:00','16:33:00',0,'Hadir'),
(696,17,'2024-12-04','00:00:00','00:00:00',0,'Alpha'),
(697,12,'2024-12-04','08:20:00','17:00:00',0,'Hadir'),
(698,10,'2024-12-04','00:00:00','00:00:00',0,'Alpha'),
(700,7,'2024-12-04','07:34:00','17:18:00',0,'Hadir'),
(701,16,'2024-12-05','08:12:00','16:58:00',0,'Hadir'),
(702,13,'2024-12-05','08:03:00','17:22:00',0,'Hadir'),
(703,2,'2024-12-05','07:43:00','16:41:00',0,'Hadir'),
(704,18,'2024-12-05','00:00:00','00:00:00',0,'Alpha'),
(705,9,'2024-12-05','07:53:00','17:00:00',0,'Hadir'),
(706,15,'2024-12-05','07:57:00','17:17:00',0,'Hadir'),
(707,6,'2024-12-05','08:15:00','19:22:00',150,'Hadir'),
(708,5,'2024-12-05','07:37:00','19:11:00',161,'Hadir'),
(710,4,'2024-12-05','07:40:00','17:49:00',65,'Hadir'),
(711,20,'2024-12-05','07:49:00','16:42:00',0,'Hadir'),
(712,11,'2024-12-05','08:20:00','16:45:00',0,'Hadir'),
(713,19,'2024-12-05','07:45:00','18:30:00',62,'Hadir'),
(715,8,'2024-12-05','08:22:00','18:12:00',54,'Hadir'),
(716,17,'2024-12-05','08:02:00','16:58:00',0,'Hadir'),
(717,12,'2024-12-05','07:47:00','16:38:00',0,'Hadir'),
(718,10,'2024-12-05','07:36:00','16:34:00',0,'Hadir'),
(720,7,'2024-12-05','07:39:00','17:24:00',0,'Hadir'),
(721,16,'2024-12-06','08:01:00','17:58:00',52,'Hadir'),
(722,13,'2024-12-06','08:24:00','16:37:00',0,'Hadir'),
(723,2,'2024-12-06','08:00:00','16:58:00',0,'Hadir'),
(724,18,'2024-12-06','08:21:00','19:09:00',109,'Hadir'),
(725,9,'2024-12-06','07:59:00','16:30:00',0,'Hadir'),
(726,15,'2024-12-06','07:43:00','18:32:00',113,'Hadir'),
(727,6,'2024-12-06','08:07:00','16:48:00',0,'Hadir'),
(728,5,'2024-12-06','07:37:00','16:39:00',0,'Hadir'),
(730,4,'2024-12-06','07:46:00','16:40:00',0,'Hadir'),
(731,20,'2024-12-06','08:09:00','17:20:00',0,'Hadir'),
(732,11,'2024-12-06','07:51:00','17:13:00',0,'Hadir'),
(733,19,'2024-12-06','07:45:00','16:35:00',0,'Hadir'),
(735,8,'2024-12-06','08:06:00','16:49:00',0,'Hadir'),
(736,17,'2024-12-06','08:27:00','17:30:00',0,'Hadir'),
(737,12,'2024-12-06','08:14:00','17:07:00',0,'Hadir'),
(738,10,'2024-12-06','07:38:00','19:00:00',142,'Hadir'),
(740,7,'2024-12-06','08:23:00','17:18:00',0,'Hadir'),
(741,16,'2024-12-09','08:10:00','18:03:00',78,'Hadir'),
(742,13,'2024-12-09','07:38:00','17:10:00',31,'Hadir'),
(743,2,'2024-12-09','07:40:00','16:48:00',0,'Hadir'),
(744,18,'2024-12-09','07:55:00','16:55:00',0,'Hadir'),
(745,9,'2024-12-09','07:56:00','17:07:00',0,'Hadir'),
(746,15,'2024-12-09','00:00:00','00:00:00',0,'Alpha'),
(747,6,'2024-12-09','08:30:00','19:13:00',136,'Hadir'),
(748,5,'2024-12-09','07:53:00','17:20:00',0,'Hadir'),
(750,4,'2024-12-09','07:58:00','17:28:00',0,'Hadir'),
(751,20,'2024-12-09','08:20:00','17:10:00',0,'Hadir'),
(752,11,'2024-12-09','08:27:00','16:41:00',0,'Hadir'),
(753,19,'2024-12-09','08:22:00','19:20:00',110,'Hadir'),
(755,8,'2024-12-09','07:50:00','16:41:00',0,'Hadir'),
(756,17,'2024-12-09','07:53:00','17:18:00',0,'Hadir'),
(757,12,'2024-12-09','07:59:00','17:03:00',0,'Hadir'),
(758,10,'2024-12-09','08:15:00','17:13:00',0,'Hadir'),
(760,7,'2024-12-09','07:33:00','17:29:00',0,'Hadir'),
(761,16,'2024-12-10','07:39:00','19:03:00',128,'Hadir'),
(762,13,'2024-12-10','08:07:00','17:52:00',66,'Hadir'),
(763,2,'2024-12-10','08:30:00','17:40:00',46,'Hadir'),
(764,18,'2024-12-10','07:43:00','17:28:00',0,'Hadir'),
(765,9,'2024-12-10','07:49:00','17:08:00',0,'Hadir'),
(766,15,'2024-12-10','08:05:00','16:32:00',0,'Hadir'),
(767,6,'2024-12-10','08:20:00','17:08:00',0,'Hadir'),
(768,5,'2024-12-10','07:39:00','17:30:00',0,'Hadir'),
(770,4,'2024-12-10','08:25:00','17:10:00',0,'Hadir'),
(771,20,'2024-12-10','08:24:00','17:03:00',0,'Hadir'),
(772,11,'2024-12-10','00:00:00','00:00:00',0,'Alpha'),
(773,19,'2024-12-10','08:08:00','18:09:00',41,'Hadir'),
(775,8,'2024-12-10','07:38:00','19:26:00',159,'Hadir'),
(776,17,'2024-12-10','08:02:00','17:57:00',79,'Hadir'),
(777,12,'2024-12-10','08:08:00','17:09:00',0,'Hadir'),
(778,10,'2024-12-10','07:54:00','16:31:00',0,'Hadir'),
(780,7,'2024-12-10','07:44:00','19:04:00',111,'Hadir'),
(781,16,'2024-12-11','07:48:00','17:40:00',31,'Hadir'),
(782,13,'2024-12-11','08:13:00','17:28:00',0,'Hadir'),
(783,2,'2024-12-11','07:46:00','17:20:00',0,'Hadir'),
(784,18,'2024-12-11','07:53:00','17:07:00',0,'Hadir'),
(785,9,'2024-12-11','00:00:00','00:00:00',0,'Alpha'),
(786,15,'2024-12-11','08:01:00','16:42:00',0,'Hadir'),
(787,6,'2024-12-11','07:37:00','19:50:00',180,'Hadir'),
(788,5,'2024-12-11','07:30:00','17:17:00',0,'Hadir'),
(790,4,'2024-12-11','07:51:00','17:25:00',0,'Hadir'),
(791,20,'2024-12-11','07:48:00','17:23:00',30,'Hadir'),
(792,11,'2024-12-11','08:03:00','18:23:00',69,'Hadir'),
(793,19,'2024-12-11','07:37:00','18:20:00',79,'Hadir'),
(795,8,'2024-12-11','07:56:00','19:27:00',169,'Hadir'),
(796,17,'2024-12-11','08:04:00','17:20:00',0,'Hadir'),
(797,12,'2024-12-11','07:46:00','16:47:00',0,'Hadir'),
(798,10,'2024-12-11','07:34:00','17:29:00',0,'Hadir'),
(800,7,'2024-12-11','07:47:00','17:25:00',0,'Hadir'),
(801,16,'2024-12-12','07:56:00','17:09:00',0,'Hadir'),
(802,13,'2024-12-12','07:45:00','17:29:00',0,'Hadir'),
(803,2,'2024-12-12','08:23:00','17:13:00',0,'Hadir'),
(804,18,'2024-12-12','07:32:00','17:30:00',48,'Hadir'),
(805,9,'2024-12-12','00:00:00','00:00:00',0,'Alpha'),
(806,15,'2024-12-12','08:19:00','17:20:00',0,'Hadir'),
(807,6,'2024-12-12','08:03:00','17:22:00',0,'Hadir'),
(808,5,'2024-12-12','07:34:00','17:12:00',0,'Hadir'),
(810,4,'2024-12-12','07:36:00','18:16:00',59,'Hadir'),
(811,20,'2024-12-12','08:04:00','19:42:00',179,'Hadir'),
(812,11,'2024-12-12','08:04:00','17:16:00',0,'Hadir'),
(813,19,'2024-12-12','07:51:00','16:45:00',0,'Hadir'),
(815,8,'2024-12-12','08:09:00','17:29:00',0,'Hadir'),
(816,17,'2024-12-12','07:38:00','17:03:00',0,'Hadir'),
(817,12,'2024-12-12','08:21:00','17:22:00',0,'Hadir'),
(818,10,'2024-12-12','07:51:00','16:52:00',0,'Hadir'),
(820,7,'2024-12-12','07:30:00','16:53:00',0,'Hadir'),
(821,16,'2024-12-13','00:00:00','00:00:00',0,'Alpha'),
(822,13,'2024-12-13','07:50:00','17:13:00',0,'Hadir'),
(823,2,'2024-12-13','07:52:00','16:56:00',0,'Hadir'),
(824,18,'2024-12-13','08:23:00','16:41:00',0,'Hadir'),
(825,9,'2024-12-13','08:23:00','17:04:00',0,'Hadir'),
(826,15,'2024-12-13','07:44:00','16:38:00',0,'Hadir'),
(827,6,'2024-12-13','08:05:00','17:45:00',59,'Hadir'),
(828,5,'2024-12-13','07:32:00','18:34:00',107,'Hadir'),
(830,4,'2024-12-13','08:15:00','16:36:00',0,'Hadir'),
(831,20,'2024-12-13','08:08:00','16:48:00',0,'Hadir'),
(832,11,'2024-12-13','07:45:00','17:04:00',0,'Hadir'),
(833,19,'2024-12-13','08:15:00','16:34:00',0,'Hadir'),
(835,8,'2024-12-13','07:48:00','17:05:00',0,'Hadir'),
(836,17,'2024-12-13','08:30:00','16:49:00',0,'Hadir'),
(837,12,'2024-12-13','07:55:00','17:16:00',0,'Hadir'),
(838,10,'2024-12-13','07:32:00','16:54:00',0,'Hadir'),
(840,7,'2024-12-13','08:14:00','17:08:00',0,'Hadir'),
(841,16,'2024-12-16','07:56:00','16:59:00',0,'Hadir'),
(842,13,'2024-12-16','00:00:00','00:00:00',0,'Alpha'),
(843,2,'2024-12-16','07:55:00','20:24:00',177,'Hadir'),
(844,18,'2024-12-16','07:37:00','17:18:00',0,'Hadir'),
(845,9,'2024-12-16','07:31:00','17:06:00',0,'Hadir'),
(846,15,'2024-12-16','08:00:00','16:35:00',0,'Hadir'),
(847,6,'2024-12-16','07:49:00','17:07:00',0,'Hadir'),
(848,5,'2024-12-16','07:53:00','16:34:00',0,'Hadir'),
(850,4,'2024-12-16','08:27:00','19:38:00',129,'Hadir'),
(851,20,'2024-12-16','07:43:00','18:09:00',48,'Hadir'),
(852,11,'2024-12-16','08:15:00','17:03:00',0,'Hadir'),
(853,19,'2024-12-16','08:00:00','18:25:00',103,'Hadir'),
(855,8,'2024-12-16','07:46:00','17:04:00',0,'Hadir'),
(856,17,'2024-12-16','07:39:00','17:03:00',0,'Hadir'),
(857,12,'2024-12-16','07:59:00','16:44:00',0,'Hadir'),
(858,10,'2024-12-16','00:00:00','00:00:00',0,'Alpha'),
(860,7,'2024-12-16','08:29:00','16:41:00',0,'Hadir'),
(861,16,'2024-12-17','08:26:00','16:58:00',0,'Hadir'),
(862,13,'2024-12-17','07:46:00','17:27:00',0,'Hadir'),
(863,2,'2024-12-17','07:43:00','19:37:00',133,'Hadir'),
(864,18,'2024-12-17','08:05:00','16:30:00',0,'Hadir'),
(865,9,'2024-12-17','07:37:00','17:03:00',0,'Hadir'),
(866,15,'2024-12-17','07:54:00','16:49:00',0,'Hadir'),
(867,6,'2024-12-17','00:00:00','00:00:00',0,'Alpha'),
(868,5,'2024-12-17','07:57:00','17:08:00',0,'Hadir'),
(870,4,'2024-12-17','08:06:00','16:59:00',0,'Hadir'),
(871,20,'2024-12-17','08:24:00','17:15:00',0,'Hadir'),
(872,11,'2024-12-17','08:30:00','16:30:00',0,'Hadir'),
(873,19,'2024-12-17','07:46:00','17:17:00',0,'Hadir'),
(875,8,'2024-12-17','07:36:00','17:25:00',0,'Hadir'),
(876,17,'2024-12-17','08:11:00','19:32:00',146,'Hadir'),
(877,12,'2024-12-17','07:57:00','18:20:00',63,'Hadir'),
(878,10,'2024-12-17','07:45:00','16:53:00',0,'Hadir'),
(880,7,'2024-12-17','07:34:00','18:58:00',129,'Hadir'),
(881,16,'2024-12-18','07:33:00','16:33:00',0,'Hadir'),
(882,13,'2024-12-18','00:00:00','00:00:00',0,'Alpha'),
(883,2,'2024-12-18','08:24:00','17:12:00',0,'Hadir'),
(884,18,'2024-12-18','07:37:00','16:43:00',0,'Hadir'),
(885,9,'2024-12-18','08:30:00','16:58:00',0,'Hadir'),
(886,15,'2024-12-18','08:17:00','16:43:00',0,'Hadir'),
(887,6,'2024-12-18','08:11:00','19:45:00',176,'Hadir'),
(888,5,'2024-12-18','08:18:00','17:24:00',0,'Hadir'),
(890,4,'2024-12-18','07:49:00','16:42:00',0,'Hadir'),
(891,20,'2024-12-18','07:54:00','17:04:00',0,'Hadir'),
(892,11,'2024-12-18','07:58:00','16:58:00',0,'Hadir'),
(893,19,'2024-12-18','07:31:00','17:00:00',0,'Hadir'),
(895,8,'2024-12-18','07:53:00','16:48:00',0,'Hadir'),
(896,17,'2024-12-18','07:44:00','16:43:00',0,'Hadir'),
(897,12,'2024-12-18','08:14:00','16:54:00',0,'Hadir'),
(898,10,'2024-12-18','08:11:00','17:00:00',0,'Hadir'),
(900,7,'2024-12-18','07:46:00','16:49:00',0,'Hadir'),
(901,16,'2024-12-19','08:04:00','17:11:00',0,'Hadir'),
(902,13,'2024-12-19','00:00:00','00:00:00',0,'Alpha'),
(903,2,'2024-12-19','00:00:00','00:00:00',0,'Alpha'),
(904,18,'2024-12-19','08:19:00','19:47:00',164,'Hadir'),
(905,9,'2024-12-19','08:20:00','17:21:00',0,'Hadir'),
(906,15,'2024-12-19','07:41:00','17:30:00',0,'Hadir'),
(907,6,'2024-12-19','08:18:00','17:21:00',0,'Hadir'),
(908,5,'2024-12-19','08:07:00','20:00:00',166,'Hadir'),
(910,4,'2024-12-19','08:16:00','19:37:00',153,'Hadir'),
(911,20,'2024-12-19','08:20:00','17:16:00',0,'Hadir'),
(912,11,'2024-12-19','08:04:00','19:57:00',162,'Hadir'),
(913,19,'2024-12-19','08:27:00','17:19:00',0,'Hadir'),
(915,8,'2024-12-19','07:51:00','17:19:00',0,'Hadir'),
(916,17,'2024-12-19','07:35:00','17:19:00',0,'Hadir'),
(917,12,'2024-12-19','08:25:00','17:01:00',0,'Hadir'),
(918,10,'2024-12-19','08:18:00','16:57:00',0,'Hadir'),
(920,7,'2024-12-19','08:16:00','16:43:00',0,'Hadir'),
(921,16,'2024-12-20','08:10:00','16:54:00',0,'Hadir'),
(922,13,'2024-12-20','07:54:00','16:33:00',0,'Hadir'),
(923,2,'2024-12-20','08:29:00','17:01:00',0,'Hadir'),
(924,18,'2024-12-20','08:17:00','16:44:00',0,'Hadir'),
(925,9,'2024-12-20','07:59:00','17:29:00',0,'Hadir'),
(926,15,'2024-12-20','07:46:00','16:51:00',0,'Hadir'),
(927,6,'2024-12-20','07:57:00','18:39:00',83,'Hadir'),
(928,5,'2024-12-20','00:00:00','00:00:00',0,'Alpha'),
(930,4,'2024-12-20','07:36:00','16:48:00',0,'Hadir'),
(931,20,'2024-12-20','08:28:00','17:01:00',0,'Hadir'),
(932,11,'2024-12-20','07:56:00','17:10:00',0,'Hadir'),
(933,19,'2024-12-20','07:41:00','16:55:00',0,'Hadir'),
(935,8,'2024-12-20','08:16:00','16:52:00',0,'Hadir'),
(936,17,'2024-12-20','07:31:00','18:32:00',98,'Hadir'),
(937,12,'2024-12-20','07:43:00','17:04:00',0,'Hadir'),
(938,10,'2024-12-20','07:59:00','16:52:00',0,'Hadir'),
(940,7,'2024-12-20','08:24:00','16:53:00',0,'Hadir'),
(941,16,'2024-12-23','07:49:00','16:39:00',0,'Hadir'),
(942,13,'2024-12-23','07:32:00','18:16:00',88,'Hadir'),
(943,2,'2024-12-23','07:59:00','18:24:00',95,'Hadir'),
(944,18,'2024-12-23','07:34:00','17:08:00',0,'Hadir'),
(945,9,'2024-12-23','08:19:00','16:56:00',0,'Hadir'),
(946,15,'2024-12-23','08:03:00','17:15:00',0,'Hadir'),
(947,6,'2024-12-23','08:15:00','19:42:00',143,'Hadir'),
(948,5,'2024-12-23','07:41:00','17:11:00',30,'Hadir'),
(950,4,'2024-12-23','07:50:00','17:20:00',0,'Hadir'),
(951,20,'2024-12-23','08:08:00','17:21:00',0,'Hadir'),
(952,11,'2024-12-23','07:45:00','16:32:00',0,'Hadir'),
(953,19,'2024-12-23','08:18:00','17:29:00',0,'Hadir'),
(955,8,'2024-12-23','07:54:00','19:00:00',101,'Hadir'),
(956,17,'2024-12-23','08:25:00','17:20:00',0,'Hadir'),
(957,12,'2024-12-23','00:00:00','00:00:00',0,'Alpha'),
(958,10,'2024-12-23','08:16:00','18:38:00',125,'Hadir'),
(960,7,'2024-12-23','08:20:00','16:57:00',0,'Hadir'),
(961,16,'2024-12-24','07:36:00','17:36:00',35,'Hadir'),
(962,13,'2024-12-24','08:20:00','17:55:00',32,'Hadir'),
(963,2,'2024-12-24','07:37:00','18:58:00',123,'Hadir'),
(964,18,'2024-12-24','08:04:00','16:46:00',0,'Hadir'),
(965,9,'2024-12-24','07:36:00','17:55:00',51,'Hadir'),
(966,15,'2024-12-24','07:46:00','17:22:00',0,'Hadir'),
(967,6,'2024-12-24','07:51:00','17:27:00',0,'Hadir'),
(968,5,'2024-12-24','00:00:00','00:00:00',0,'Alpha'),
(970,4,'2024-12-24','00:00:00','00:00:00',0,'Alpha'),
(971,20,'2024-12-24','08:30:00','19:02:00',130,'Hadir'),
(972,11,'2024-12-24','07:52:00','17:28:00',40,'Hadir'),
(973,19,'2024-12-24','08:27:00','16:31:00',0,'Hadir'),
(975,8,'2024-12-24','07:51:00','16:40:00',0,'Hadir'),
(976,17,'2024-12-24','07:40:00','16:51:00',0,'Hadir'),
(977,12,'2024-12-24','08:07:00','17:49:00',33,'Hadir'),
(978,10,'2024-12-24','07:54:00','17:20:00',0,'Hadir'),
(980,7,'2024-12-24','00:00:00','00:00:00',0,'Alpha'),
(981,16,'2024-12-25','07:35:00','16:37:00',0,'Hadir'),
(982,13,'2024-12-25','07:33:00','19:32:00',155,'Hadir'),
(983,2,'2024-12-25','07:55:00','17:12:00',0,'Hadir'),
(984,18,'2024-12-25','08:16:00','18:19:00',85,'Hadir'),
(985,9,'2024-12-25','07:41:00','19:29:00',176,'Hadir'),
(986,15,'2024-12-25','08:13:00','18:02:00',63,'Hadir'),
(987,6,'2024-12-25','08:07:00','17:24:00',0,'Hadir'),
(988,5,'2024-12-25','08:10:00','17:26:00',0,'Hadir'),
(990,4,'2024-12-25','08:27:00','16:31:00',0,'Hadir'),
(991,20,'2024-12-25','08:23:00','17:04:00',0,'Hadir'),
(992,11,'2024-12-25','08:19:00','17:23:00',0,'Hadir'),
(993,19,'2024-12-25','07:51:00','17:27:00',0,'Hadir'),
(995,8,'2024-12-25','08:19:00','17:09:00',0,'Hadir'),
(996,17,'2024-12-25','07:59:00','17:30:00',0,'Hadir'),
(997,12,'2024-12-25','07:59:00','16:36:00',0,'Hadir'),
(998,10,'2024-12-25','08:29:00','16:52:00',0,'Hadir'),
(1000,7,'2024-12-25','07:30:00','16:39:00',0,'Hadir'),
(1001,16,'2024-12-26','08:07:00','17:25:00',0,'Hadir'),
(1002,13,'2024-12-26','00:00:00','00:00:00',0,'Alpha'),
(1003,2,'2024-12-26','07:56:00','17:56:00',61,'Hadir'),
(1004,18,'2024-12-26','07:59:00','19:42:00',158,'Hadir'),
(1005,9,'2024-12-26','00:00:00','00:00:00',0,'Alpha'),
(1006,15,'2024-12-26','07:48:00','17:27:00',0,'Hadir'),
(1007,6,'2024-12-26','07:59:00','17:04:00',0,'Hadir'),
(1008,5,'2024-12-26','07:35:00','17:14:00',0,'Hadir'),
(1010,4,'2024-12-26','07:43:00','16:40:00',0,'Hadir'),
(1011,20,'2024-12-26','08:30:00','17:30:00',0,'Hadir'),
(1012,11,'2024-12-26','07:51:00','17:24:00',0,'Hadir'),
(1013,19,'2024-12-26','07:32:00','17:03:00',0,'Hadir'),
(1015,8,'2024-12-26','07:48:00','16:47:00',0,'Hadir'),
(1016,17,'2024-12-26','07:37:00','19:41:00',171,'Hadir'),
(1017,12,'2024-12-26','08:19:00','16:35:00',0,'Hadir'),
(1018,10,'2024-12-26','08:17:00','16:53:00',0,'Hadir'),
(1020,7,'2024-12-26','07:44:00','17:24:00',0,'Hadir'),
(1021,16,'2024-12-27','07:45:00','16:59:00',0,'Hadir'),
(1022,13,'2024-12-27','07:42:00','16:43:00',0,'Hadir'),
(1023,2,'2024-12-27','08:27:00','16:38:00',0,'Hadir'),
(1024,18,'2024-12-27','08:02:00','16:45:00',0,'Hadir'),
(1025,9,'2024-12-27','08:07:00','17:13:00',0,'Hadir'),
(1026,15,'2024-12-27','07:39:00','17:28:00',0,'Hadir'),
(1027,6,'2024-12-27','08:30:00','16:44:00',0,'Hadir'),
(1028,5,'2024-12-27','07:42:00','17:00:00',0,'Hadir'),
(1030,4,'2024-12-27','08:27:00','17:28:00',0,'Hadir'),
(1031,20,'2024-12-27','08:27:00','16:38:00',0,'Hadir'),
(1032,11,'2024-12-27','07:54:00','19:32:00',153,'Hadir'),
(1033,19,'2024-12-27','08:04:00','18:38:00',99,'Hadir'),
(1035,8,'2024-12-27','08:11:00','16:55:00',0,'Hadir'),
(1036,17,'2024-12-27','00:00:00','00:00:00',0,'Alpha'),
(1037,12,'2024-12-27','07:46:00','17:24:00',0,'Hadir'),
(1038,10,'2024-12-27','08:26:00','16:54:00',0,'Hadir'),
(1040,7,'2024-12-27','07:50:00','16:41:00',0,'Hadir'),
(1041,16,'2024-12-30','08:10:00','17:26:00',0,'Hadir'),
(1042,13,'2024-12-30','08:23:00','17:17:00',0,'Hadir'),
(1043,2,'2024-12-30','08:10:00','16:46:00',0,'Hadir'),
(1044,18,'2024-12-30','07:33:00','17:07:00',0,'Hadir'),
(1045,9,'2024-12-30','08:15:00','19:20:00',139,'Hadir'),
(1046,15,'2024-12-30','07:52:00','17:10:00',0,'Hadir'),
(1047,6,'2024-12-30','07:38:00','17:00:00',0,'Hadir'),
(1048,5,'2024-12-30','07:56:00','18:46:00',78,'Hadir'),
(1050,4,'2024-12-30','07:46:00','17:13:00',0,'Hadir'),
(1051,20,'2024-12-30','08:22:00','16:56:00',0,'Hadir'),
(1052,11,'2024-12-30','07:41:00','20:00:00',171,'Hadir'),
(1053,19,'2024-12-30','08:09:00','17:07:00',0,'Hadir'),
(1055,8,'2024-12-30','08:07:00','18:39:00',117,'Hadir'),
(1056,17,'2024-12-30','08:24:00','20:16:00',171,'Hadir'),
(1057,12,'2024-12-30','08:04:00','18:33:00',100,'Hadir'),
(1058,10,'2024-12-30','00:00:00','00:00:00',0,'Alpha'),
(1060,7,'2024-12-30','07:41:00','17:26:00',52,'Hadir'),
(1061,16,'2024-12-31','08:19:00','16:40:00',0,'Hadir'),
(1062,13,'2024-12-31','08:05:00','17:19:00',0,'Hadir'),
(1063,2,'2024-12-31','08:16:00','16:57:00',0,'Hadir'),
(1064,18,'2024-12-31','07:32:00','17:18:00',0,'Hadir'),
(1065,9,'2024-12-31','07:47:00','16:32:00',0,'Hadir'),
(1066,15,'2024-12-31','07:39:00','16:53:00',0,'Hadir'),
(1067,6,'2024-12-31','08:09:00','19:28:00',121,'Hadir'),
(1068,5,'2024-12-31','07:52:00','17:00:00',0,'Hadir'),
(1070,4,'2024-12-31','08:10:00','16:38:00',0,'Hadir'),
(1071,20,'2024-12-31','08:02:00','16:46:00',0,'Hadir'),
(1072,11,'2024-12-31','08:12:00','16:49:00',0,'Hadir'),
(1073,19,'2024-12-31','08:01:00','17:10:00',0,'Hadir'),
(1075,8,'2024-12-31','07:55:00','16:37:00',0,'Hadir'),
(1076,17,'2024-12-31','08:04:00','16:47:00',0,'Hadir'),
(1077,12,'2024-12-31','07:57:00','16:45:00',0,'Hadir'),
(1078,10,'2024-12-31','07:47:00','16:42:00',0,'Hadir'),
(1080,7,'2024-12-31','08:22:00','16:52:00',0,'Hadir'),
(1081,16,'2025-01-01','08:17:00','16:49:00',0,'Hadir'),
(1082,13,'2025-01-01','08:02:00','17:28:00',0,'Hadir'),
(1083,2,'2025-01-01','08:09:00','17:02:00',0,'Hadir'),
(1084,18,'2025-01-01','07:35:00','17:12:00',0,'Hadir'),
(1085,9,'2025-01-01','08:27:00','17:25:00',0,'Hadir'),
(1086,15,'2025-01-01','08:11:00','17:11:00',0,'Hadir'),
(1087,6,'2025-01-01','07:57:00','17:19:00',0,'Hadir'),
(1088,5,'2025-01-01','08:15:00','16:52:00',0,'Hadir'),
(1090,4,'2025-01-01','00:00:00','00:00:00',0,'Alpha'),
(1091,20,'2025-01-01','08:11:00','17:25:00',0,'Hadir'),
(1092,11,'2025-01-01','07:52:00','16:50:00',0,'Hadir'),
(1093,19,'2025-01-01','07:39:00','16:35:00',0,'Hadir'),
(1095,8,'2025-01-01','08:16:00','17:22:00',0,'Hadir'),
(1096,17,'2025-01-01','08:23:00','19:22:00',114,'Hadir'),
(1097,12,'2025-01-01','08:22:00','17:17:00',0,'Hadir'),
(1098,10,'2025-01-01','08:00:00','18:04:00',89,'Hadir'),
(1100,7,'2025-01-01','08:02:00','16:39:00',0,'Hadir'),
(1101,16,'2025-01-02','08:26:00','16:50:00',12,'Hadir'),
(1102,13,'2025-01-02','08:28:00','16:54:00',0,'Hadir'),
(1103,2,'2025-01-02','08:16:00','17:26:00',0,'Hadir'),
(1104,18,'2025-01-02','07:31:00','19:48:00',172,'Hadir'),
(1105,9,'2025-01-02','07:39:00','20:15:00',165,'Hadir'),
(1106,15,'2025-01-02','00:00:00','00:00:00',0,'Alpha'),
(1107,6,'2025-01-02','07:34:00','16:31:00',0,'Hadir'),
(1108,5,'2025-01-02','08:12:00','17:04:00',0,'Hadir'),
(1110,4,'2025-01-02','08:06:00','18:46:00',77,'Hadir'),
(1111,20,'2025-01-02','07:44:00','16:49:00',0,'Hadir'),
(1112,11,'2025-01-02','07:55:00','20:10:00',172,'Hadir'),
(1113,19,'2025-01-02','08:20:00','17:08:00',37,'Hadir'),
(1115,8,'2025-01-02','08:05:00','17:03:00',0,'Hadir'),
(1116,17,'2025-01-02','08:19:00','18:46:00',115,'Hadir'),
(1117,12,'2025-01-02','08:04:00','16:54:00',0,'Hadir'),
(1118,10,'2025-01-02','08:14:00','19:49:00',166,'Hadir'),
(1120,7,'2025-01-02','08:20:00','17:04:00',0,'Hadir'),
(1121,16,'2025-01-03','07:51:00','17:13:00',0,'Hadir'),
(1122,13,'2025-01-03','07:51:00','17:00:00',0,'Hadir'),
(1123,2,'2025-01-03','07:43:00','18:16:00',104,'Hadir'),
(1124,18,'2025-01-03','07:34:00','17:16:00',0,'Hadir'),
(1125,9,'2025-01-03','07:40:00','16:48:00',0,'Hadir'),
(1126,15,'2025-01-03','07:40:00','18:37:00',70,'Hadir'),
(1127,6,'2025-01-03','07:50:00','17:08:00',0,'Hadir'),
(1128,5,'2025-01-03','07:38:00','16:45:00',0,'Hadir'),
(1130,4,'2025-01-03','08:29:00','17:02:00',0,'Hadir'),
(1131,20,'2025-01-03','00:00:00','00:00:00',0,'Alpha'),
(1132,11,'2025-01-03','07:33:00','16:31:00',0,'Hadir'),
(1133,19,'2025-01-03','07:34:00','16:58:00',0,'Hadir'),
(1135,8,'2025-01-03','07:56:00','17:04:00',0,'Hadir'),
(1136,17,'2025-01-03','07:35:00','16:55:00',0,'Hadir'),
(1137,12,'2025-01-03','07:46:00','16:32:00',0,'Hadir'),
(1138,10,'2025-01-03','08:14:00','17:02:00',0,'Hadir'),
(1140,7,'2025-01-03','08:24:00','16:36:00',0,'Hadir'),
(1141,16,'2025-01-06','07:30:00','16:46:00',0,'Hadir'),
(1142,13,'2025-01-06','07:30:00','16:56:00',0,'Hadir'),
(1143,2,'2025-01-06','07:54:00','16:32:00',0,'Hadir'),
(1144,18,'2025-01-06','00:00:00','00:00:00',0,'Alpha'),
(1145,9,'2025-01-06','07:57:00','16:34:00',0,'Hadir'),
(1146,15,'2025-01-06','07:53:00','17:16:00',0,'Hadir'),
(1147,6,'2025-01-06','07:51:00','17:28:00',0,'Hadir'),
(1148,5,'2025-01-06','07:56:00','17:14:00',0,'Hadir'),
(1150,4,'2025-01-06','08:05:00','16:50:00',0,'Hadir'),
(1151,20,'2025-01-06','07:53:00','16:37:00',0,'Hadir'),
(1152,11,'2025-01-06','00:00:00','00:00:00',0,'Alpha'),
(1153,19,'2025-01-06','07:51:00','18:39:00',75,'Hadir'),
(1155,8,'2025-01-06','08:03:00','16:31:00',0,'Hadir'),
(1156,17,'2025-01-06','08:18:00','16:50:00',0,'Hadir'),
(1157,12,'2025-01-06','00:00:00','00:00:00',0,'Alpha'),
(1158,10,'2025-01-06','08:16:00','17:54:00',63,'Hadir'),
(1160,7,'2025-01-06','07:53:00','17:31:00',54,'Hadir'),
(1161,16,'2025-01-07','08:17:00','17:28:00',0,'Hadir'),
(1162,13,'2025-01-07','08:07:00','17:20:00',0,'Hadir'),
(1163,2,'2025-01-07','07:31:00','16:44:00',0,'Hadir'),
(1164,18,'2025-01-07','08:09:00','17:07:00',0,'Hadir'),
(1165,9,'2025-01-07','07:52:00','18:20:00',63,'Hadir'),
(1166,15,'2025-01-07','07:50:00','16:51:00',0,'Hadir'),
(1167,6,'2025-01-07','07:41:00','17:05:00',0,'Hadir'),
(1168,5,'2025-01-07','07:37:00','16:46:00',0,'Hadir'),
(1170,4,'2025-01-07','07:41:00','17:28:00',0,'Hadir'),
(1171,20,'2025-01-07','07:45:00','17:20:00',0,'Hadir'),
(1172,11,'2025-01-07','07:35:00','16:48:00',0,'Hadir'),
(1173,19,'2025-01-07','07:38:00','16:34:00',0,'Hadir'),
(1175,8,'2025-01-07','07:33:00','17:23:00',0,'Hadir'),
(1176,17,'2025-01-07','08:26:00','16:40:00',0,'Hadir'),
(1177,12,'2025-01-07','07:32:00','17:13:00',0,'Hadir'),
(1178,10,'2025-01-07','07:37:00','16:55:00',0,'Hadir'),
(1180,7,'2025-01-07','07:36:00','16:54:00',0,'Hadir'),
(1181,16,'2025-01-08','00:00:00','00:00:00',0,'Alpha'),
(1182,13,'2025-01-08','07:52:00','17:07:00',0,'Hadir'),
(1183,2,'2025-01-08','07:43:00','16:41:00',0,'Hadir'),
(1184,18,'2025-01-08','07:46:00','16:49:00',0,'Hadir'),
(1185,9,'2025-01-08','08:21:00','17:13:00',0,'Hadir'),
(1186,15,'2025-01-08','08:11:00','16:46:00',0,'Hadir'),
(1187,6,'2025-01-08','07:42:00','16:53:00',0,'Hadir'),
(1188,5,'2025-01-08','07:49:00','16:56:00',0,'Hadir'),
(1190,4,'2025-01-08','08:18:00','16:31:00',0,'Hadir'),
(1191,20,'2025-01-08','07:45:00','17:02:00',0,'Hadir'),
(1192,11,'2025-01-08','08:07:00','19:38:00',170,'Hadir'),
(1193,19,'2025-01-08','07:52:00','20:16:00',175,'Hadir'),
(1195,8,'2025-01-08','07:36:00','16:43:00',0,'Hadir'),
(1196,17,'2025-01-08','08:25:00','16:38:00',0,'Hadir'),
(1197,12,'2025-01-08','08:16:00','18:52:00',106,'Hadir'),
(1198,10,'2025-01-08','08:00:00','16:34:00',0,'Hadir'),
(1200,7,'2025-01-08','08:04:00','17:29:00',0,'Hadir'),
(1201,16,'2025-01-09','08:05:00','17:22:00',0,'Hadir'),
(1202,13,'2025-01-09','08:02:00','17:06:00',0,'Hadir'),
(1203,2,'2025-01-09','08:15:00','16:31:00',0,'Hadir'),
(1204,18,'2025-01-09','08:23:00','16:45:00',0,'Hadir'),
(1205,9,'2025-01-09','08:16:00','17:56:00',61,'Hadir'),
(1206,15,'2025-01-09','08:21:00','17:55:00',75,'Hadir'),
(1207,6,'2025-01-09','08:28:00','17:13:00',0,'Hadir'),
(1208,5,'2025-01-09','07:52:00','17:18:00',0,'Hadir'),
(1210,4,'2025-01-09','07:54:00','16:59:00',0,'Hadir'),
(1211,20,'2025-01-09','08:20:00','17:29:00',0,'Hadir'),
(1212,11,'2025-01-09','08:12:00','20:00:00',174,'Hadir'),
(1213,19,'2025-01-09','08:23:00','16:39:00',0,'Hadir'),
(1215,8,'2025-01-09','08:19:00','19:09:00',125,'Hadir'),
(1216,17,'2025-01-09','08:23:00','17:59:00',33,'Hadir'),
(1217,12,'2025-01-09','08:04:00','16:54:00',0,'Hadir'),
(1218,10,'2025-01-09','08:14:00','17:17:00',0,'Hadir'),
(1220,7,'2025-01-09','07:47:00','17:26:00',0,'Hadir'),
(1221,16,'2025-01-10','08:04:00','16:48:00',0,'Hadir'),
(1222,13,'2025-01-10','07:37:00','17:16:00',0,'Hadir'),
(1223,2,'2025-01-10','08:17:00','17:24:00',0,'Hadir'),
(1224,18,'2025-01-10','08:14:00','16:55:00',0,'Hadir'),
(1225,9,'2025-01-10','08:23:00','19:19:00',150,'Hadir'),
(1226,15,'2025-01-10','08:27:00','16:59:00',0,'Hadir'),
(1227,6,'2025-01-10','08:21:00','16:56:00',0,'Hadir'),
(1228,5,'2025-01-10','08:26:00','16:32:00',0,'Hadir'),
(1230,4,'2025-01-10','07:53:00','17:15:00',0,'Hadir'),
(1231,20,'2025-01-10','07:39:00','19:19:00',152,'Hadir'),
(1232,11,'2025-01-10','08:09:00','16:34:00',0,'Hadir'),
(1233,19,'2025-01-10','08:27:00','17:27:00',0,'Hadir'),
(1235,8,'2025-01-10','07:36:00','17:04:00',0,'Hadir'),
(1236,17,'2025-01-10','07:34:00','17:20:00',0,'Hadir'),
(1237,12,'2025-01-10','07:59:00','17:03:00',0,'Hadir'),
(1238,10,'2025-01-10','07:53:00','17:07:00',0,'Hadir'),
(1240,7,'2025-01-10','07:50:00','17:24:00',0,'Hadir'),
(1241,16,'2025-01-13','07:47:00','17:29:00',0,'Hadir'),
(1242,13,'2025-01-13','07:53:00','17:30:00',0,'Hadir'),
(1243,2,'2025-01-13','07:30:00','16:30:00',0,'Hadir'),
(1244,18,'2025-01-13','08:12:00','17:40:00',59,'Hadir'),
(1245,9,'2025-01-13','07:44:00','16:56:00',0,'Hadir'),
(1246,15,'2025-01-13','07:50:00','16:42:00',0,'Hadir'),
(1247,6,'2025-01-13','07:51:00','17:21:00',0,'Hadir'),
(1248,5,'2025-01-13','08:06:00','16:34:00',0,'Hadir'),
(1250,4,'2025-01-13','08:11:00','20:02:00',154,'Hadir'),
(1251,20,'2025-01-13','07:49:00','20:22:00',178,'Hadir'),
(1252,11,'2025-01-13','07:52:00','16:46:00',0,'Hadir'),
(1253,19,'2025-01-13','08:16:00','16:53:00',0,'Hadir'),
(1255,8,'2025-01-13','07:31:00','17:29:00',0,'Hadir'),
(1256,17,'2025-01-13','08:01:00','16:39:00',0,'Hadir'),
(1257,12,'2025-01-13','08:22:00','17:14:00',0,'Hadir'),
(1258,10,'2025-01-13','07:42:00','17:20:00',0,'Hadir'),
(1260,7,'2025-01-13','08:02:00','16:43:00',0,'Hadir'),
(1261,16,'2025-01-14','07:46:00','17:09:00',0,'Hadir'),
(1262,13,'2025-01-14','07:33:00','18:14:00',102,'Hadir'),
(1263,2,'2025-01-14','08:02:00','16:54:00',0,'Hadir'),
(1264,18,'2025-01-14','07:40:00','18:50:00',86,'Hadir'),
(1265,9,'2025-01-14','00:00:00','00:00:00',0,'Alpha'),
(1266,15,'2025-01-14','08:16:00','17:12:00',0,'Hadir'),
(1267,6,'2025-01-14','08:29:00','16:45:00',0,'Hadir'),
(1268,5,'2025-01-14','07:49:00','17:09:00',0,'Hadir'),
(1270,4,'2025-01-14','07:43:00','17:08:00',0,'Hadir'),
(1271,20,'2025-01-14','08:24:00','17:25:00',0,'Hadir'),
(1272,11,'2025-01-14','07:51:00','17:13:00',0,'Hadir'),
(1273,19,'2025-01-14','08:09:00','17:10:00',0,'Hadir'),
(1275,8,'2025-01-14','07:33:00','16:38:00',0,'Hadir'),
(1276,17,'2025-01-14','07:49:00','17:13:00',0,'Hadir'),
(1277,12,'2025-01-14','07:48:00','17:19:00',0,'Hadir'),
(1278,10,'2025-01-14','08:29:00','17:16:00',0,'Hadir'),
(1280,7,'2025-01-14','08:13:00','17:24:00',0,'Hadir'),
(1281,16,'2025-01-15','08:14:00','17:13:00',0,'Hadir'),
(1282,13,'2025-01-15','08:23:00','16:49:00',0,'Hadir'),
(1283,2,'2025-01-15','08:04:00','16:50:00',0,'Hadir'),
(1284,18,'2025-01-15','07:58:00','16:42:00',0,'Hadir'),
(1285,9,'2025-01-15','08:01:00','17:26:00',43,'Hadir'),
(1286,15,'2025-01-15','08:14:00','17:17:00',0,'Hadir'),
(1287,6,'2025-01-15','08:20:00','16:43:00',0,'Hadir'),
(1288,5,'2025-01-15','08:20:00','17:19:00',0,'Hadir'),
(1290,4,'2025-01-15','08:23:00','16:49:00',0,'Hadir'),
(1291,20,'2025-01-15','08:11:00','16:57:00',0,'Hadir'),
(1292,11,'2025-01-15','07:56:00','16:43:00',0,'Hadir'),
(1293,19,'2025-01-15','08:06:00','18:35:00',85,'Hadir'),
(1295,8,'2025-01-15','07:48:00','16:38:00',0,'Hadir'),
(1296,17,'2025-01-15','07:34:00','18:19:00',63,'Hadir'),
(1297,12,'2025-01-15','00:00:00','00:00:00',0,'Alpha'),
(1298,10,'2025-01-15','07:42:00','16:38:00',0,'Hadir'),
(1300,7,'2025-01-15','08:10:00','16:37:00',0,'Hadir'),
(1301,16,'2025-01-16','08:21:00','17:10:00',0,'Hadir'),
(1302,13,'2025-01-16','07:53:00','17:12:00',0,'Hadir'),
(1303,2,'2025-01-16','08:09:00','18:22:00',86,'Hadir'),
(1304,18,'2025-01-16','07:59:00','17:10:00',0,'Hadir'),
(1305,9,'2025-01-16','08:09:00','17:19:00',0,'Hadir'),
(1306,15,'2025-01-16','07:50:00','17:10:00',0,'Hadir'),
(1307,6,'2025-01-16','08:27:00','17:12:00',0,'Hadir'),
(1308,5,'2025-01-16','08:14:00','17:04:00',0,'Hadir'),
(1310,4,'2025-01-16','07:36:00','17:50:00',50,'Hadir'),
(1311,20,'2025-01-16','07:55:00','16:43:00',0,'Hadir'),
(1312,11,'2025-01-16','07:43:00','17:19:00',0,'Hadir'),
(1313,19,'2025-01-16','08:24:00','16:54:00',0,'Hadir'),
(1315,8,'2025-01-16','08:20:00','17:17:00',0,'Hadir'),
(1316,17,'2025-01-16','07:33:00','17:04:00',0,'Hadir'),
(1317,12,'2025-01-16','08:29:00','16:53:00',0,'Hadir'),
(1318,10,'2025-01-16','08:08:00','17:14:00',0,'Hadir'),
(1320,7,'2025-01-16','07:54:00','19:09:00',105,'Hadir'),
(1327,2,'2025-01-26','09:00:41',NULL,0,'Hadir'),
(1328,30,'2025-01-26','12:52:53',NULL,0,'Hadir'),
(1329,30,'2025-01-28','15:53:22','17:23:46',3,'Hadir'),
(1330,2,'2025-01-28','17:53:24',NULL,0,'Hadir'),
(1331,32,'2025-01-28','17:53:31',NULL,0,'Hadir');
/*!40000 ALTER TABLE `tb_absensi` ENABLE KEYS */;
UNLOCK TABLES;

--
-- Table structure for table `tb_gaji`
--

DROP TABLE IF EXISTS `tb_gaji`;
/*!40101 SET @saved_cs_client     = @@character_set_client */;
/*!40101 SET character_set_client = utf8 */;
CREATE TABLE `tb_gaji` (
  `id` int(11) NOT NULL AUTO_INCREMENT,
  `karyawan_id` int(11) NOT NULL,
  `periode` varchar(7) NOT NULL,
  `gaji_pokok` int(11) NOT NULL,
  `gaji_lembur` int(11) NOT NULL,
  `gaji_total` int(11) DEFAULT NULL,
  `total_lembur` int(11) DEFAULT 0,
  `status` enum('PENDING','DISETUJUI','DITOLAK') NOT NULL DEFAULT 'PENDING',
  PRIMARY KEY (`id`),
  KEY `karyawan_id` (`karyawan_id`),
  CONSTRAINT `tb_gaji_ibfk_1` FOREIGN KEY (`karyawan_id`) REFERENCES `tb_karyawan` (`id`) ON DELETE CASCADE
) ENGINE=InnoDB AUTO_INCREMENT=65 DEFAULT CHARSET=utf8mb4 COLLATE=utf8mb4_unicode_ci;
/*!40101 SET character_set_client = @saved_cs_client */;

--
-- Dumping data for table `tb_gaji`
--

LOCK TABLES `tb_gaji` WRITE;
/*!40000 ALTER TABLE `tb_gaji` DISABLE KEYS */;
INSERT INTO `tb_gaji` VALUES
(2,2,'2024-12',8000000,6720000,14720000,672,'DISETUJUI'),
(4,4,'2024-12',10000000,5710000,15710000,571,'PENDING'),
(5,5,'2024-12',8000000,6040000,14040000,604,'PENDING'),
(6,6,'2024-12',10000000,10480000,20480000,1048,'PENDING'),
(7,7,'2024-12',10000000,2920000,12920000,292,'PENDING'),
(8,8,'2024-12',6000000,6000000,12000000,600,'PENDING'),
(9,9,'2024-12',4000000,6130000,10130000,613,'PENDING'),
(10,10,'2024-12',5000000,2970000,7970000,297,'PENDING'),
(11,11,'2024-12',4000000,6620000,10620000,662,'PENDING'),
(12,12,'2024-12',4000000,1960000,5960000,196,'PENDING'),
(13,13,'2024-12',3500000,3720000,7220000,372,'PENDING'),
(15,15,'2024-12',4000000,1760000,5760000,176,'PENDING'),
(16,16,'2024-12',4000000,5880000,9880000,588,'PENDING'),
(17,17,'2024-12',4000000,6650000,10650000,665,'PENDING'),
(18,18,'2024-12',10000000,5640000,15640000,564,'PENDING'),
(19,19,'2024-12',6000000,4940000,10940000,494,'PENDING'),
(20,20,'2024-12',8000000,3870000,11870000,387,'PENDING'),
(22,2,'2025-01',8000000,1900000,9900000,190,'DISETUJUI'),
(24,4,'2025-01',10000000,2810000,12810000,281,'DISETUJUI'),
(25,5,'2025-01',8000000,0,8000000,0,'PENDING'),
(26,6,'2025-01',10000000,0,10000000,0,'PENDING'),
(27,7,'2025-01',10000000,1590000,11590000,159,'PENDING'),
(28,8,'2025-01',6000000,1250000,7250000,125,'PENDING'),
(29,9,'2025-01',4000000,4820000,8820000,482,'PENDING'),
(30,10,'2025-01',5000000,3180000,8180000,318,'PENDING'),
(31,11,'2025-01',4000000,5160000,9160000,516,'PENDING'),
(32,12,'2025-01',4000000,1060000,5060000,106,'PENDING'),
(33,13,'2025-01',3500000,1020000,4520000,102,'PENDING'),
(35,15,'2025-01',4000000,1450000,5450000,145,'PENDING'),
(36,16,'2025-01',4000000,0,4000000,0,'PENDING'),
(37,17,'2025-01',4000000,3250000,7250000,325,'PENDING'),
(38,18,'2025-01',10000000,3170000,13170000,317,'PENDING'),
(39,19,'2025-01',6000000,3720000,9720000,372,'PENDING'),
(40,20,'2025-01',8000000,3300000,11300000,330,'PENDING'),
(41,24,'2025-01',10101010,0,10101010,0,'DISETUJUI'),
(43,4,'2024-11',10000000,2950000,12950000,295,'PENDING'),
(44,5,'2024-11',8000000,0,8000000,0,'PENDING'),
(45,6,'2024-11',10000000,4840000,14840000,484,'DISETUJUI'),
(46,7,'2024-11',10000000,3670000,13670000,367,'PENDING'),
(47,8,'2024-11',6000000,3350000,9350000,335,'PENDING'),
(48,9,'2024-11',4000000,4850000,8850000,485,'PENDING'),
(49,10,'2024-11',5000000,6120000,11120000,612,'PENDING'),
(51,12,'2024-11',4000000,4810000,8810000,481,'PENDING'),
(52,13,'2024-11',3500000,5600000,9100000,560,'PENDING'),
(53,15,'2024-11',4000000,3920000,7920000,392,'PENDING'),
(54,16,'2024-11',4000000,6130000,10130000,613,'PENDING'),
(55,17,'2024-11',4000000,650000,4650000,65,'PENDING'),
(56,18,'2024-11',10000000,3650000,13650000,365,'PENDING'),
(57,19,'2024-11',6000000,550000,6550000,55,'PENDING'),
(58,20,'2024-11',8000000,7150000,15150000,715,'PENDING'),
(59,24,'2024-11',10101010,0,10101010,0,'PENDING'),
(60,30,'2024-11',10000000,0,10000000,0,'DISETUJUI'),
(62,2,'2024-09',800000022,2000000,802000022,110,'DISETUJUI'),
(64,30,'2024-12',10000000,100000,10100000,10,'PENDING');
/*!40000 ALTER TABLE `tb_gaji` ENABLE KEYS */;
UNLOCK TABLES;

--
-- Table structure for table `tb_karyawan`
--

DROP TABLE IF EXISTS `tb_karyawan`;
/*!40101 SET @saved_cs_client     = @@character_set_client */;
/*!40101 SET character_set_client = utf8 */;
CREATE TABLE `tb_karyawan` (
  `id` int(11) NOT NULL AUTO_INCREMENT,
  `nama` varchar(100) NOT NULL,
  `nik` varchar(50) NOT NULL,
  `tanggal_lahir` date NOT NULL,
  `alamat` text NOT NULL,
  `jabatan` varchar(50) NOT NULL,
  `gaji` int(11) NOT NULL,
  PRIMARY KEY (`id`),
  UNIQUE KEY `nik` (`nik`)
) ENGINE=InnoDB AUTO_INCREMENT=33 DEFAULT CHARSET=utf8mb4 COLLATE=utf8mb4_unicode_ci;
/*!40101 SET character_set_client = @saved_cs_client */;

--
-- Dumping data for table `tb_karyawan`
--

LOCK TABLES `tb_karyawan` WRITE;
/*!40000 ALTER TABLE `tb_karyawan` DISABLE KEYS */;
INSERT INTO `tb_karyawan` VALUES
(2,'Akmal','1995385090356792','1983-03-26','Gang Cihampelas No. 69Jambi, BB 07189 baru','Kepala Divisi ff',800000022),
(4,'Rachel Handayani','5215140919326454','1961-10-18','Gg. Abdul Muis No. 23\nPariaman, MU 91609','Manager',10000000),
(5,'Gandi Budiyanto','4697052089927754','1963-02-17','Gg. Pacuan Kuda No. 13\nBengkulu, Sulawesi Selatan 86754','Kepala Divisi',8000000),
(6,'Zamira Saptono','3333294201749680','1976-11-17','Gg. Cikapayang No. 5\nKota Administrasi Jakarta Pusat, Kalimantan Tengah 34742','Manager',10000000),
(7,'Adinata Nainggolan','9943705253686952','1996-12-22','Gang Antapani Lama No. 100\nSawahlunto, DI Yogyakarta 15692','Manager',10000000),
(8,'Ibun Astuti','8250642008889251','1959-07-12','Jalan Dipatiukur No. 4\nBau-Bau, Sulawesi Tenggara 80059','Supervisor',6000000),
(9,'Putri Mardhiyah, S.Gz','2448937222937617','1969-10-12','Gang Dr. Djunjunan No. 897\nBanda Aceh, Banten 81680','Administrator',4000000),
(10,'Aditya Pertiwi','9920314107591825','1990-11-02','Gang Kebonjati No. 1\nBogor, Kalimantan Utara 60822','Senior Staff',5000000),
(11,'Kairav Wasita','6773349743367330','2001-01-05','Gg. Rungkut Industri No. 38\nBanjarmasin, MU 76629','Administrator',4000000),
(12,'Drs. Balamantri Rahmawati, S.E.','9162123756111861','1997-06-19','Jl. Ahmad Dahlan No. 31\nPekalongan, SU 20711','Staff',4000000),
(13,'R. Galar Yulianti','1202469704226612','2003-02-25','Jl. Sentot Alibasa No. 86\nSalatiga, Jawa Barat 49658','Junior Staff',3500000),
(15,'R. Rachel Kuswandari, S.Ked','3119524588946072','1961-03-02','Gang Cikutra Timur No. 4\nLangsa, Banten 34777','Administrator',4000000),
(16,'Ir. Siska Rahmawati, S.Ked','1026428918135459','1992-03-05','Jalan Sadang Serang No. 57\nSukabumi, JB 63525','Staff',4000000),
(17,'Margana Wastuti, S.I.Kom','8794158139021931','2003-07-15','Gg. M.H Thamrin No. 082\nLubuklinggau, Jawa Tengah 14738','Administrator',4000000),
(18,'R. Jumadi Putra','2018396573854106','1986-04-23','Gg. Soekarno Hatta No. 085\nBinjai, Sulawesi Utara 48061','Manager',10000000),
(19,'Ami Mulyani','7490822328932254','1987-02-13','Jl. Veteran No. 7\nTegal, Papua 34403','Supervisor',6000000),
(20,'Ina Waluyo, S.E.','5752966039687768','1982-07-13','Jalan Ir. H. Djuanda No. 880\nPrabumulih, YO 01397','Kepala Divisi',8000000),
(24,'akmal','101010','2006-10-10','Bombana','Programmer',10101010),
(30,'Akmal Asli','10101010','2006-05-04','Bombana','Programmer',10000000),
(31,'Andi Muhammad Akmal','10203040','2002-10-10','Bombana','Junior',2000000),
(32,'Shofia Chantiksss','20202020','2004-10-20','Teppo','Programmer Sekali',3000000);
/*!40000 ALTER TABLE `tb_karyawan` ENABLE KEYS */;
UNLOCK TABLES;

--
-- Table structure for table `tb_pembayaran`
--

DROP TABLE IF EXISTS `tb_pembayaran`;
/*!40101 SET @saved_cs_client     = @@character_set_client */;
/*!40101 SET character_set_client = utf8 */;
CREATE TABLE `tb_pembayaran` (
  `id` int(11) NOT NULL AUTO_INCREMENT,
  `gaji_id` int(11) NOT NULL,
  `tanggal_bayar` date NOT NULL,
  PRIMARY KEY (`id`),
  KEY `gaji_id` (`gaji_id`),
  CONSTRAINT `tb_pembayaran_ibfk_1` FOREIGN KEY (`gaji_id`) REFERENCES `tb_gaji` (`id`) ON DELETE CASCADE
) ENGINE=InnoDB DEFAULT CHARSET=utf8mb4 COLLATE=utf8mb4_unicode_ci;
/*!40101 SET character_set_client = @saved_cs_client */;

--
-- Dumping data for table `tb_pembayaran`
--

LOCK TABLES `tb_pembayaran` WRITE;
/*!40000 ALTER TABLE `tb_pembayaran` DISABLE KEYS */;
/*!40000 ALTER TABLE `tb_pembayaran` ENABLE KEYS */;
UNLOCK TABLES;

--
-- Table structure for table `tb_users`
--

DROP TABLE IF EXISTS `tb_users`;
/*!40101 SET @saved_cs_client     = @@character_set_client */;
/*!40101 SET character_set_client = utf8 */;
CREATE TABLE `tb_users` (
  `id` int(11) NOT NULL AUTO_INCREMENT,
  `username` varchar(50) NOT NULL,
  `password` varchar(255) NOT NULL,
  `name` varchar(100) NOT NULL,
  `email` varchar(100) DEFAULT NULL,
  `role` enum('HRD','KEUANGAN','PIMPINAN','KARYAWAN') NOT NULL,
  `created_at` timestamp NULL DEFAULT current_timestamp(),
  PRIMARY KEY (`id`),
  UNIQUE KEY `username` (`username`)
) ENGINE=InnoDB AUTO_INCREMENT=9 DEFAULT CHARSET=utf8mb4 COLLATE=utf8mb4_unicode_ci;
/*!40101 SET character_set_client = @saved_cs_client */;

--
-- Dumping data for table `tb_users`
--

LOCK TABLES `tb_users` WRITE;
/*!40000 ALTER TABLE `tb_users` DISABLE KEYS */;
INSERT INTO `tb_users` VALUES
(1,'hrd_user','$2y$10$ghHa5eVSoTDW7WP6Yl4Vuuw4.gCOxRWXEpADTk5DsFKIimOfT2JMa','HRD Manager','hrd@example.com','HRD','2025-01-11 22:55:54'),
(2,'keuangan_user','$2y$10$ghHa5eVSoTDW7WP6Yl4Vuuw4.gCOxRWXEpADTk5DsFKIimOfT2JMa','Finance Officer','keuangan@example.com','KEUANGAN','2025-01-11 22:56:07'),
(3,'pimpinan_user','$2y$10$ghHa5eVSoTDW7WP6Yl4Vuuw4.gCOxRWXEpADTk5DsFKIimOfT2JMa','CEO','pimpinan@example.com','PIMPINAN','2025-01-11 22:56:15'),
(5,'10101010','$2y$10$UGG0YBEVsBdEvg/eNuVqBu6qgTqn0H9KeuPAE.mDr0FLSQ0didLtK','Akmal',NULL,'KARYAWAN','2025-01-26 02:36:11'),
(7,'10203040','$2y$10$z9yC7xLteZP9EJdJ4Ns6DOMRVUjCigytcjUJJj08EK5zVP6Od3bpe','Andi Muhammad Akmal',NULL,'KARYAWAN','2025-01-28 09:35:20'),
(8,'20202020','$2y$10$waCD1aB5DEQchzqPyhrM.e0Bul/CFo4zuSVK.4BHMBttouObIwlFm','Shofia Chantiksss',NULL,'KARYAWAN','2025-01-28 09:37:19');
/*!40000 ALTER TABLE `tb_users` ENABLE KEYS */;
UNLOCK TABLES;
/*!40103 SET TIME_ZONE=@OLD_TIME_ZONE */;

/*!40101 SET SQL_MODE=@OLD_SQL_MODE */;
/*!40014 SET FOREIGN_KEY_CHECKS=@OLD_FOREIGN_KEY_CHECKS */;
/*!40014 SET UNIQUE_CHECKS=@OLD_UNIQUE_CHECKS */;
/*!40101 SET CHARACTER_SET_CLIENT=@OLD_CHARACTER_SET_CLIENT */;
/*!40101 SET CHARACTER_SET_RESULTS=@OLD_CHARACTER_SET_RESULTS */;
/*!40101 SET COLLATION_CONNECTION=@OLD_COLLATION_CONNECTION */;
/*M!100616 SET NOTE_VERBOSITY=@OLD_NOTE_VERBOSITY */;

-- Dump completed on 2025-01-28 21:19:16
