-- phpMyAdmin SQL Dump
-- version 5.2.1
-- https://www.phpmyadmin.net/
--
-- Host: localhost
-- Generation Time: Feb 27, 2025 at 05:41 AM
-- Server version: 10.4.28-MariaDB
-- PHP Version: 8.2.4

SET SQL_MODE = "NO_AUTO_VALUE_ON_ZERO";
START TRANSACTION;
SET time_zone = "+00:00";


/*!40101 SET @OLD_CHARACTER_SET_CLIENT=@@CHARACTER_SET_CLIENT */;
/*!40101 SET @OLD_CHARACTER_SET_RESULTS=@@CHARACTER_SET_RESULTS */;
/*!40101 SET @OLD_COLLATION_CONNECTION=@@COLLATION_CONNECTION */;
/*!40101 SET NAMES utf8mb4 */;

--
-- Database: `fbs`
--

-- --------------------------------------------------------

--
-- Table structure for table `tb_absensi`
--

CREATE TABLE `tb_absensi` (
  `id` int(11) NOT NULL,
  `karyawan_id` int(11) NOT NULL,
  `tanggal` date NOT NULL,
  `jam_masuk` time NOT NULL,
  `jam_keluar` time DEFAULT NULL,
  `lembur` int(11) DEFAULT 0,
  `status` enum('Hadir','Cuti','Sakit','Izin','Alpha') NOT NULL
) ENGINE=InnoDB DEFAULT CHARSET=utf8mb4 COLLATE=utf8mb4_unicode_ci;

--
-- Dumping data for table `tb_absensi`
--

INSERT INTO `tb_absensi` (`id`, `karyawan_id`, `tanggal`, `jam_masuk`, `jam_keluar`, `lembur`, `status`) VALUES
(7849, 167, '2024-10-30', '07:53:00', '17:58:00', 58, 'Hadir'),
(7850, 169, '2024-10-30', '08:29:00', '17:04:00', 0, 'Hadir'),
(7851, 156, '2024-10-30', '08:13:00', '17:06:00', 0, 'Hadir'),
(7852, 164, '2024-10-30', '08:09:00', '16:52:00', 0, 'Hadir'),
(7853, 163, '2024-10-30', '08:12:00', '16:57:00', 0, 'Hadir'),
(7854, 155, '2024-10-30', '08:08:00', '17:15:00', 0, 'Hadir'),
(7855, 159, '2024-10-30', '08:03:00', '16:37:00', 0, 'Hadir'),
(7856, 161, '2024-10-30', '08:14:00', '19:53:00', 179, 'Hadir'),
(7857, 166, '2024-10-30', '08:10:00', '17:18:00', 0, 'Hadir'),
(7858, 168, '2024-10-30', '07:51:00', '16:41:00', 0, 'Hadir'),
(7859, 158, '2024-10-30', '08:09:00', '17:07:00', 0, 'Hadir'),
(7860, 157, '2024-10-30', '08:00:00', '17:07:00', 0, 'Hadir'),
(7861, 160, '2024-10-30', '00:00:00', '00:00:00', 0, 'Alpha'),
(7862, 165, '2024-10-30', '08:08:00', '17:01:00', 0, 'Hadir'),
(7863, 162, '2024-10-30', '08:11:00', '16:53:00', 0, 'Hadir'),
(7864, 167, '2024-10-31', '07:57:00', '16:54:00', 0, 'Hadir'),
(7865, 169, '2024-10-31', '07:51:00', '16:31:00', 0, 'Hadir'),
(7866, 156, '2024-10-31', '07:36:00', '17:08:00', 0, 'Hadir'),
(7867, 164, '2024-10-31', '08:11:00', '17:17:00', 0, 'Hadir'),
(7868, 163, '2024-10-31', '07:48:00', '16:41:00', 0, 'Hadir'),
(7869, 155, '2024-10-31', '08:18:00', '18:43:00', 83, 'Hadir'),
(7870, 159, '2024-10-31', '07:46:00', '16:32:00', 0, 'Hadir'),
(7871, 161, '2024-10-31', '08:02:00', '16:31:00', 0, 'Hadir'),
(7872, 166, '2024-10-31', '07:54:00', '16:42:00', 0, 'Hadir'),
(7873, 168, '2024-10-31', '08:13:00', '17:44:00', 61, 'Hadir'),
(7874, 158, '2024-10-31', '07:47:00', '16:34:00', 0, 'Hadir'),
(7875, 157, '2024-10-31', '08:29:00', '17:26:00', 0, 'Hadir'),
(7876, 160, '2024-10-31', '08:07:00', '16:56:00', 0, 'Hadir'),
(7877, 165, '2024-10-31', '08:12:00', '17:30:00', 0, 'Hadir'),
(7878, 162, '2024-10-31', '08:01:00', '16:35:00', 0, 'Hadir'),
(7879, 167, '2024-11-01', '07:57:00', '17:07:00', 0, 'Hadir'),
(7880, 169, '2024-11-01', '07:52:00', '17:06:00', 0, 'Hadir'),
(7881, 156, '2024-11-01', '08:01:00', '16:44:00', 0, 'Hadir'),
(7882, 164, '2024-11-01', '07:38:00', '19:24:00', 147, 'Hadir'),
(7883, 163, '2024-11-01', '08:25:00', '16:36:00', 0, 'Hadir'),
(7884, 155, '2024-11-01', '07:54:00', '17:20:00', 0, 'Hadir'),
(7885, 159, '2024-11-01', '00:00:00', '00:00:00', 0, 'Alpha'),
(7886, 161, '2024-11-01', '08:14:00', '16:30:00', 0, 'Hadir'),
(7887, 166, '2024-11-01', '00:00:00', '00:00:00', 0, 'Alpha'),
(7888, 168, '2024-11-01', '00:00:00', '00:00:00', 0, 'Alpha'),
(7889, 158, '2024-11-01', '07:45:00', '17:17:00', 0, 'Hadir'),
(7890, 157, '2024-11-01', '07:57:00', '16:45:00', 0, 'Hadir'),
(7891, 160, '2024-11-01', '08:04:00', '17:25:00', 0, 'Hadir'),
(7892, 165, '2024-11-01', '07:41:00', '16:38:00', 0, 'Hadir'),
(7893, 162, '2024-11-01', '08:11:00', '16:43:00', 0, 'Hadir'),
(7894, 167, '2024-11-04', '08:04:00', '17:17:00', 0, 'Hadir'),
(7895, 169, '2024-11-04', '08:12:00', '17:43:00', 39, 'Hadir'),
(7896, 156, '2024-11-04', '07:47:00', '17:00:00', 0, 'Hadir'),
(7897, 164, '2024-11-04', '07:42:00', '17:27:00', 0, 'Hadir'),
(7898, 163, '2024-11-04', '08:18:00', '17:09:00', 0, 'Hadir'),
(7899, 155, '2024-11-04', '07:46:00', '16:47:00', 0, 'Hadir'),
(7900, 159, '2024-11-04', '07:35:00', '17:30:00', 0, 'Hadir'),
(7901, 161, '2024-11-04', '08:13:00', '16:42:00', 0, 'Hadir'),
(7902, 166, '2024-11-04', '07:40:00', '17:18:00', 0, 'Hadir'),
(7903, 168, '2024-11-04', '07:52:00', '17:18:00', 0, 'Hadir'),
(7904, 158, '2024-11-04', '07:58:00', '17:06:00', 0, 'Hadir'),
(7905, 157, '2024-11-04', '07:30:00', '17:04:00', 0, 'Hadir'),
(7906, 160, '2024-11-04', '07:45:00', '17:04:00', 0, 'Hadir'),
(7907, 165, '2024-11-04', '07:53:00', '16:45:00', 0, 'Hadir'),
(7908, 162, '2024-11-04', '08:15:00', '18:35:00', 99, 'Hadir'),
(7909, 167, '2024-11-05', '08:04:00', '17:18:00', 0, 'Hadir'),
(7910, 169, '2024-11-05', '07:39:00', '17:05:00', 0, 'Hadir'),
(7911, 156, '2024-11-05', '08:02:00', '16:58:00', 0, 'Hadir'),
(7912, 164, '2024-11-05', '07:44:00', '17:29:00', 0, 'Hadir'),
(7913, 163, '2024-11-05', '08:29:00', '17:05:00', 0, 'Hadir'),
(7914, 155, '2024-11-05', '07:57:00', '16:44:00', 0, 'Hadir'),
(7915, 159, '2024-11-05', '00:00:00', '00:00:00', 0, 'Alpha'),
(7916, 161, '2024-11-05', '07:30:00', '19:22:00', 127, 'Hadir'),
(7917, 166, '2024-11-05', '08:29:00', '16:55:00', 0, 'Hadir'),
(7918, 168, '2024-11-05', '08:18:00', '16:35:00', 0, 'Hadir'),
(7919, 158, '2024-11-05', '08:09:00', '16:31:00', 0, 'Hadir'),
(7920, 157, '2024-11-05', '08:08:00', '16:57:00', 0, 'Hadir'),
(7921, 160, '2024-11-05', '08:24:00', '19:25:00', 154, 'Hadir'),
(7922, 165, '2024-11-05', '08:22:00', '19:22:00', 137, 'Hadir'),
(7923, 162, '2024-11-05', '08:04:00', '16:53:00', 0, 'Hadir'),
(7924, 167, '2024-11-06', '07:59:00', '19:53:00', 168, 'Hadir'),
(7925, 169, '2024-11-06', '08:20:00', '16:33:00', 0, 'Hadir'),
(7926, 156, '2024-11-06', '08:00:00', '17:05:00', 0, 'Hadir'),
(7927, 164, '2024-11-06', '08:10:00', '16:43:00', 0, 'Hadir'),
(7928, 163, '2024-11-06', '08:22:00', '16:36:00', 0, 'Hadir'),
(7929, 155, '2024-11-06', '08:13:00', '16:41:00', 0, 'Hadir'),
(7930, 159, '2024-11-06', '07:44:00', '17:25:00', 0, 'Hadir'),
(7931, 161, '2024-11-06', '07:51:00', '17:14:00', 0, 'Hadir'),
(7932, 166, '2024-11-06', '07:36:00', '16:58:00', 0, 'Hadir'),
(7933, 168, '2024-11-06', '07:46:00', '17:16:00', 0, 'Hadir'),
(7934, 158, '2024-11-06', '07:50:00', '16:40:00', 0, 'Hadir'),
(7935, 157, '2024-11-06', '07:41:00', '16:53:00', 0, 'Hadir'),
(7936, 160, '2024-11-06', '08:00:00', '18:48:00', 107, 'Hadir'),
(7937, 165, '2024-11-06', '07:56:00', '19:45:00', 147, 'Hadir'),
(7938, 162, '2024-11-06', '08:29:00', '16:38:00', 0, 'Hadir'),
(7939, 167, '2024-11-07', '08:03:00', '16:56:00', 0, 'Hadir'),
(7940, 169, '2024-11-07', '07:44:00', '16:33:00', 0, 'Hadir'),
(7941, 156, '2024-11-07', '07:50:00', '17:27:00', 0, 'Hadir'),
(7942, 164, '2024-11-07', '08:16:00', '17:08:00', 0, 'Hadir'),
(7943, 163, '2024-11-07', '08:20:00', '18:23:00', 95, 'Hadir'),
(7944, 155, '2024-11-07', '07:59:00', '16:54:00', 0, 'Hadir'),
(7945, 159, '2024-11-07', '00:00:00', '00:00:00', 0, 'Alpha'),
(7946, 161, '2024-11-07', '08:02:00', '16:56:00', 0, 'Hadir'),
(7947, 166, '2024-11-07', '07:30:00', '17:22:00', 0, 'Hadir'),
(7948, 168, '2024-11-07', '08:05:00', '17:25:00', 0, 'Hadir'),
(7949, 158, '2024-11-07', '07:44:00', '17:01:00', 0, 'Hadir'),
(7950, 157, '2024-11-07', '08:08:00', '16:44:00', 0, 'Hadir'),
(7951, 160, '2024-11-07', '07:41:00', '19:15:00', 106, 'Hadir'),
(7952, 165, '2024-11-07', '07:34:00', '17:21:00', 0, 'Hadir'),
(7953, 162, '2024-11-07', '07:57:00', '16:41:00', 0, 'Hadir'),
(7954, 167, '2024-11-08', '07:31:00', '16:43:00', 0, 'Hadir'),
(7955, 169, '2024-11-08', '08:06:00', '16:56:00', 0, 'Hadir'),
(7956, 156, '2024-11-08', '08:12:00', '16:38:00', 0, 'Hadir'),
(7957, 164, '2024-11-08', '07:43:00', '17:00:00', 0, 'Hadir'),
(7958, 163, '2024-11-08', '08:18:00', '17:11:00', 0, 'Hadir'),
(7959, 155, '2024-11-08', '08:00:00', '16:56:00', 0, 'Hadir'),
(7960, 159, '2024-11-08', '07:36:00', '17:25:00', 0, 'Hadir'),
(7961, 161, '2024-11-08', '08:07:00', '16:48:00', 0, 'Hadir'),
(7962, 166, '2024-11-08', '08:01:00', '16:38:00', 0, 'Hadir'),
(7963, 168, '2024-11-08', '07:39:00', '17:25:00', 0, 'Hadir'),
(7964, 158, '2024-11-08', '08:30:00', '16:37:00', 0, 'Hadir'),
(7965, 157, '2024-11-08', '07:53:00', '17:23:00', 0, 'Hadir'),
(7966, 160, '2024-11-08', '07:59:00', '16:38:00', 0, 'Hadir'),
(7967, 165, '2024-11-08', '08:18:00', '16:38:00', 0, 'Hadir'),
(7968, 162, '2024-11-08', '07:52:00', '18:47:00', 121, 'Hadir'),
(7969, 167, '2024-11-11', '07:54:00', '17:00:00', 0, 'Hadir'),
(7970, 169, '2024-11-11', '08:08:00', '17:09:00', 0, 'Hadir'),
(7971, 156, '2024-11-11', '07:37:00', '17:24:00', 0, 'Hadir'),
(7972, 164, '2024-11-11', '07:33:00', '18:18:00', 107, 'Hadir'),
(7973, 163, '2024-11-11', '07:44:00', '17:05:00', 0, 'Hadir'),
(7974, 155, '2024-11-11', '00:00:00', '00:00:00', 0, 'Alpha'),
(7975, 159, '2024-11-11', '08:30:00', '17:30:00', 0, 'Hadir'),
(7976, 161, '2024-11-11', '07:44:00', '17:03:00', 0, 'Hadir'),
(7977, 166, '2024-11-11', '08:10:00', '17:13:00', 0, 'Hadir'),
(7978, 168, '2024-11-11', '08:00:00', '17:19:00', 0, 'Hadir'),
(7979, 158, '2024-11-11', '08:07:00', '16:51:00', 0, 'Hadir'),
(7980, 157, '2024-11-11', '08:06:00', '17:14:00', 0, 'Hadir'),
(7981, 160, '2024-11-11', '08:17:00', '16:51:00', 0, 'Hadir'),
(7982, 165, '2024-11-11', '07:30:00', '16:46:00', 0, 'Hadir'),
(7983, 162, '2024-11-11', '07:35:00', '17:29:00', 0, 'Hadir'),
(7984, 167, '2024-11-12', '08:22:00', '18:44:00', 130, 'Hadir'),
(7985, 169, '2024-11-12', '07:35:00', '16:30:00', 0, 'Hadir'),
(7986, 156, '2024-11-12', '08:25:00', '17:16:00', 0, 'Hadir'),
(7987, 164, '2024-11-12', '07:50:00', '16:42:00', 0, 'Hadir'),
(7988, 163, '2024-11-12', '07:39:00', '17:16:00', 0, 'Hadir'),
(7989, 155, '2024-11-12', '08:29:00', '16:50:00', 0, 'Hadir'),
(7990, 159, '2024-11-12', '07:59:00', '17:30:00', 0, 'Hadir'),
(7991, 161, '2024-11-12', '08:19:00', '17:21:00', 0, 'Hadir'),
(7992, 166, '2024-11-12', '00:00:00', '00:00:00', 0, 'Alpha'),
(7993, 168, '2024-11-12', '07:59:00', '17:13:00', 0, 'Hadir'),
(7994, 158, '2024-11-12', '07:44:00', '17:29:00', 0, 'Hadir'),
(7995, 157, '2024-11-12', '08:17:00', '17:15:00', 0, 'Hadir'),
(7996, 160, '2024-11-12', '08:00:00', '16:49:00', 0, 'Hadir'),
(7997, 165, '2024-11-12', '00:00:00', '00:00:00', 0, 'Alpha'),
(7998, 162, '2024-11-12', '08:11:00', '16:42:00', 0, 'Hadir'),
(7999, 167, '2024-11-13', '08:27:00', '16:44:00', 0, 'Hadir'),
(8000, 169, '2024-11-13', '07:30:00', '16:32:00', 0, 'Hadir'),
(8001, 156, '2024-11-13', '07:53:00', '16:45:00', 0, 'Hadir'),
(8002, 164, '2024-11-13', '08:27:00', '16:34:00', 0, 'Hadir'),
(8003, 163, '2024-11-13', '08:27:00', '16:43:00', 0, 'Hadir'),
(8004, 155, '2024-11-13', '07:37:00', '17:03:00', 0, 'Hadir'),
(8005, 159, '2024-11-13', '07:30:00', '16:31:00', 0, 'Hadir'),
(8006, 161, '2024-11-13', '08:30:00', '16:42:00', 0, 'Hadir'),
(8007, 166, '2024-11-13', '07:48:00', '19:01:00', 110, 'Hadir'),
(8008, 168, '2024-11-13', '08:11:00', '19:34:00', 179, 'Hadir'),
(8009, 158, '2024-11-13', '08:07:00', '17:24:00', 0, 'Hadir'),
(8010, 157, '2024-11-13', '07:30:00', '17:18:00', 0, 'Hadir'),
(8011, 160, '2024-11-13', '07:37:00', '16:58:00', 0, 'Hadir'),
(8012, 165, '2024-11-13', '07:39:00', '19:19:00', 125, 'Hadir'),
(8013, 162, '2024-11-13', '07:57:00', '17:46:00', 66, 'Hadir'),
(8014, 167, '2024-11-14', '07:35:00', '17:24:00', 0, 'Hadir'),
(8015, 169, '2024-11-14', '07:55:00', '16:40:00', 0, 'Hadir'),
(8016, 156, '2024-11-14', '08:19:00', '18:01:00', 88, 'Hadir'),
(8017, 164, '2024-11-14', '08:29:00', '17:24:00', 0, 'Hadir'),
(8018, 163, '2024-11-14', '07:48:00', '16:53:00', 0, 'Hadir'),
(8019, 155, '2024-11-14', '07:44:00', '17:30:00', 0, 'Hadir'),
(8020, 159, '2024-11-14', '07:59:00', '17:11:00', 0, 'Hadir'),
(8021, 161, '2024-11-14', '08:18:00', '17:00:00', 0, 'Hadir'),
(8022, 166, '2024-11-14', '07:47:00', '16:33:00', 0, 'Hadir'),
(8023, 168, '2024-11-14', '08:01:00', '17:12:00', 0, 'Hadir'),
(8024, 158, '2024-11-14', '08:11:00', '17:05:00', 0, 'Hadir'),
(8025, 157, '2024-11-14', '07:36:00', '18:27:00', 71, 'Hadir'),
(8026, 160, '2024-11-14', '08:21:00', '17:41:00', 64, 'Hadir'),
(8027, 165, '2024-11-14', '07:43:00', '16:51:00', 0, 'Hadir'),
(8028, 162, '2024-11-14', '07:45:00', '16:47:00', 0, 'Hadir'),
(8029, 167, '2024-11-15', '08:06:00', '16:30:00', 0, 'Hadir'),
(8030, 169, '2024-11-15', '07:39:00', '18:14:00', 103, 'Hadir'),
(8031, 156, '2024-11-15', '07:32:00', '19:02:00', 133, 'Hadir'),
(8032, 164, '2024-11-15', '08:11:00', '20:22:00', 175, 'Hadir'),
(8033, 163, '2024-11-15', '08:17:00', '18:46:00', 93, 'Hadir'),
(8034, 155, '2024-11-15', '07:40:00', '16:36:00', 0, 'Hadir'),
(8035, 159, '2024-11-15', '08:17:00', '16:41:00', 0, 'Hadir'),
(8036, 161, '2024-11-15', '08:14:00', '17:19:00', 0, 'Hadir'),
(8037, 166, '2024-11-15', '07:45:00', '19:33:00', 145, 'Hadir'),
(8038, 168, '2024-11-15', '08:06:00', '17:19:00', 0, 'Hadir'),
(8039, 158, '2024-11-15', '08:05:00', '16:45:00', 0, 'Hadir'),
(8040, 157, '2024-11-15', '08:12:00', '17:00:00', 0, 'Hadir'),
(8041, 160, '2024-11-15', '07:51:00', '19:15:00', 130, 'Hadir'),
(8042, 165, '2024-11-15', '07:53:00', '16:38:00', 0, 'Hadir'),
(8043, 162, '2024-11-15', '07:54:00', '18:50:00', 90, 'Hadir'),
(8044, 167, '2024-11-18', '07:32:00', '17:09:00', 0, 'Hadir'),
(8045, 169, '2024-11-18', '07:52:00', '18:54:00', 128, 'Hadir'),
(8046, 156, '2024-11-18', '07:54:00', '17:27:00', 0, 'Hadir'),
(8047, 164, '2024-11-18', '08:06:00', '16:50:00', 0, 'Hadir'),
(8048, 163, '2024-11-18', '07:43:00', '17:18:00', 0, 'Hadir'),
(8049, 155, '2024-11-18', '08:09:00', '19:57:00', 175, 'Hadir'),
(8050, 159, '2024-11-18', '07:52:00', '18:44:00', 76, 'Hadir'),
(8051, 161, '2024-11-18', '07:49:00', '16:44:00', 0, 'Hadir'),
(8052, 166, '2024-11-18', '07:52:00', '16:56:00', 0, 'Hadir'),
(8053, 168, '2024-11-18', '08:24:00', '16:47:00', 0, 'Hadir'),
(8054, 158, '2024-11-18', '08:22:00', '16:54:00', 0, 'Hadir'),
(8055, 157, '2024-11-18', '08:28:00', '16:51:00', 0, 'Hadir'),
(8056, 160, '2024-11-18', '07:50:00', '16:52:00', 0, 'Hadir'),
(8057, 165, '2024-11-18', '08:11:00', '16:42:00', 0, 'Hadir'),
(8058, 162, '2024-11-18', '08:19:00', '16:51:00', 0, 'Hadir'),
(8059, 167, '2024-11-19', '07:42:00', '16:43:00', 0, 'Hadir'),
(8060, 169, '2024-11-19', '00:00:00', '00:00:00', 0, 'Alpha'),
(8061, 156, '2024-11-19', '07:31:00', '17:16:00', 0, 'Hadir'),
(8062, 164, '2024-11-19', '08:20:00', '16:48:00', 0, 'Hadir'),
(8063, 163, '2024-11-19', '08:19:00', '17:14:00', 0, 'Hadir'),
(8064, 155, '2024-11-19', '00:00:00', '00:00:00', 0, 'Alpha'),
(8065, 159, '2024-11-19', '08:24:00', '16:36:00', 0, 'Hadir'),
(8066, 161, '2024-11-19', '08:21:00', '17:04:00', 0, 'Hadir'),
(8067, 166, '2024-11-19', '07:35:00', '16:42:00', 0, 'Hadir'),
(8068, 168, '2024-11-19', '07:30:00', '16:37:00', 0, 'Hadir'),
(8069, 158, '2024-11-19', '08:02:00', '17:56:00', 30, 'Hadir'),
(8070, 157, '2024-11-19', '08:02:00', '17:55:00', 62, 'Hadir'),
(8071, 160, '2024-11-19', '00:00:00', '00:00:00', 0, 'Alpha'),
(8072, 165, '2024-11-19', '07:39:00', '17:26:00', 0, 'Hadir'),
(8073, 162, '2024-11-19', '08:24:00', '17:07:00', 0, 'Hadir'),
(8074, 167, '2024-11-20', '08:15:00', '19:58:00', 157, 'Hadir'),
(8075, 169, '2024-11-20', '07:55:00', '16:42:00', 0, 'Hadir'),
(8076, 156, '2024-11-20', '07:56:00', '16:40:00', 0, 'Hadir'),
(8077, 164, '2024-11-20', '08:06:00', '17:30:00', 0, 'Hadir'),
(8078, 163, '2024-11-20', '08:11:00', '17:10:00', 0, 'Hadir'),
(8079, 155, '2024-11-20', '08:07:00', '16:39:00', 0, 'Hadir'),
(8080, 159, '2024-11-20', '08:20:00', '16:59:00', 0, 'Hadir'),
(8081, 161, '2024-11-20', '08:25:00', '16:55:00', 0, 'Hadir'),
(8082, 166, '2024-11-20', '08:10:00', '16:59:00', 0, 'Hadir'),
(8083, 168, '2024-11-20', '07:40:00', '16:34:00', 0, 'Hadir'),
(8084, 158, '2024-11-20', '07:52:00', '16:36:00', 0, 'Hadir'),
(8085, 157, '2024-11-20', '07:40:00', '17:01:00', 0, 'Hadir'),
(8086, 160, '2024-11-20', '08:01:00', '17:13:00', 0, 'Hadir'),
(8087, 165, '2024-11-20', '07:51:00', '16:52:00', 0, 'Hadir'),
(8088, 162, '2024-11-20', '08:29:00', '18:50:00', 130, 'Hadir'),
(8089, 167, '2024-11-21', '08:09:00', '17:17:00', 0, 'Hadir'),
(8090, 169, '2024-11-21', '08:18:00', '16:53:00', 0, 'Hadir'),
(8091, 156, '2024-11-21', '08:28:00', '16:59:00', 0, 'Hadir'),
(8092, 164, '2024-11-21', '07:57:00', '16:47:00', 0, 'Hadir'),
(8093, 163, '2024-11-21', '07:48:00', '19:36:00', 149, 'Hadir'),
(8094, 155, '2024-11-21', '08:03:00', '18:39:00', 82, 'Hadir'),
(8095, 159, '2024-11-21', '07:55:00', '18:43:00', 76, 'Hadir'),
(8096, 161, '2024-11-21', '08:25:00', '16:56:00', 0, 'Hadir'),
(8097, 166, '2024-11-21', '08:06:00', '19:01:00', 98, 'Hadir'),
(8098, 168, '2024-11-21', '07:54:00', '17:15:00', 0, 'Hadir'),
(8099, 158, '2024-11-21', '08:18:00', '17:48:00', 36, 'Hadir'),
(8100, 157, '2024-11-21', '07:38:00', '17:55:00', 38, 'Hadir'),
(8101, 160, '2024-11-21', '08:06:00', '16:30:00', 0, 'Hadir'),
(8102, 165, '2024-11-21', '08:18:00', '17:09:00', 0, 'Hadir'),
(8103, 162, '2024-11-21', '08:17:00', '16:47:00', 0, 'Hadir'),
(8104, 167, '2024-11-22', '07:45:00', '16:40:00', 0, 'Hadir'),
(8105, 169, '2024-11-22', '07:37:00', '19:38:00', 140, 'Hadir'),
(8106, 156, '2024-11-22', '07:53:00', '18:08:00', 91, 'Hadir'),
(8107, 164, '2024-11-22', '07:49:00', '16:35:00', 0, 'Hadir'),
(8108, 163, '2024-11-22', '00:00:00', '00:00:00', 0, 'Alpha'),
(8109, 155, '2024-11-22', '07:34:00', '17:16:00', 0, 'Hadir'),
(8110, 159, '2024-11-22', '08:11:00', '16:56:00', 0, 'Hadir'),
(8111, 161, '2024-11-22', '08:27:00', '16:49:00', 0, 'Hadir'),
(8112, 166, '2024-11-22', '00:00:00', '00:00:00', 0, 'Alpha'),
(8113, 168, '2024-11-22', '08:17:00', '17:23:00', 0, 'Hadir'),
(8114, 158, '2024-11-22', '07:34:00', '17:01:00', 0, 'Hadir'),
(8115, 157, '2024-11-22', '08:28:00', '17:15:00', 0, 'Hadir'),
(8116, 160, '2024-11-22', '08:17:00', '17:27:00', 0, 'Hadir'),
(8117, 165, '2024-11-22', '07:54:00', '16:39:00', 0, 'Hadir'),
(8118, 162, '2024-11-22', '07:58:00', '17:07:00', 0, 'Hadir'),
(8119, 167, '2024-11-25', '08:00:00', '18:03:00', 92, 'Hadir'),
(8120, 169, '2024-11-25', '07:31:00', '16:59:00', 0, 'Hadir'),
(8121, 156, '2024-11-25', '08:19:00', '17:24:00', 0, 'Hadir'),
(8122, 164, '2024-11-25', '07:45:00', '19:31:00', 135, 'Hadir'),
(8123, 163, '2024-11-25', '00:00:00', '00:00:00', 0, 'Alpha'),
(8124, 155, '2024-11-25', '00:00:00', '00:00:00', 0, 'Alpha'),
(8125, 159, '2024-11-25', '07:53:00', '17:17:00', 0, 'Hadir'),
(8126, 161, '2024-11-25', '07:57:00', '16:53:00', 0, 'Hadir'),
(8127, 166, '2024-11-25', '07:41:00', '17:09:00', 0, 'Hadir'),
(8128, 168, '2024-11-25', '07:58:00', '17:26:00', 0, 'Hadir'),
(8129, 158, '2024-11-25', '07:43:00', '17:27:00', 0, 'Hadir'),
(8130, 157, '2024-11-25', '08:11:00', '17:06:00', 0, 'Hadir'),
(8131, 160, '2024-11-25', '08:03:00', '17:24:00', 0, 'Hadir'),
(8132, 165, '2024-11-25', '08:23:00', '16:46:00', 0, 'Hadir'),
(8133, 162, '2024-11-25', '07:53:00', '17:09:00', 0, 'Hadir'),
(8134, 167, '2024-11-26', '00:00:00', '00:00:00', 0, 'Alpha'),
(8135, 169, '2024-11-26', '08:03:00', '16:41:00', 0, 'Hadir'),
(8136, 156, '2024-11-26', '08:29:00', '18:46:00', 95, 'Hadir'),
(8137, 164, '2024-11-26', '08:03:00', '19:34:00', 144, 'Hadir'),
(8138, 163, '2024-11-26', '08:26:00', '17:26:00', 0, 'Hadir'),
(8139, 155, '2024-11-26', '07:30:00', '17:06:00', 0, 'Hadir'),
(8140, 159, '2024-11-26', '08:14:00', '16:48:00', 0, 'Hadir'),
(8141, 161, '2024-11-26', '07:56:00', '17:14:00', 0, 'Hadir'),
(8142, 166, '2024-11-26', '07:54:00', '18:17:00', 47, 'Hadir'),
(8143, 168, '2024-11-26', '07:47:00', '17:02:00', 0, 'Hadir'),
(8144, 158, '2024-11-26', '07:35:00', '16:38:00', 0, 'Hadir'),
(8145, 157, '2024-11-26', '08:26:00', '17:14:00', 0, 'Hadir'),
(8146, 160, '2024-11-26', '07:35:00', '17:05:00', 0, 'Hadir'),
(8147, 165, '2024-11-26', '07:42:00', '18:02:00', 56, 'Hadir'),
(8148, 162, '2024-11-26', '08:15:00', '17:11:00', 0, 'Hadir'),
(8149, 167, '2024-11-27', '08:20:00', '16:52:00', 0, 'Hadir'),
(8150, 169, '2024-11-27', '08:15:00', '16:53:00', 0, 'Hadir'),
(8151, 156, '2024-11-27', '07:42:00', '16:41:00', 0, 'Hadir'),
(8152, 164, '2024-11-27', '00:00:00', '00:00:00', 0, 'Alpha'),
(8153, 163, '2024-11-27', '08:18:00', '16:54:00', 0, 'Hadir'),
(8154, 155, '2024-11-27', '07:48:00', '16:42:00', 0, 'Hadir'),
(8155, 159, '2024-11-27', '08:30:00', '16:48:00', 0, 'Hadir'),
(8156, 161, '2024-11-27', '08:14:00', '17:11:00', 0, 'Hadir'),
(8157, 166, '2024-11-27', '07:37:00', '16:42:00', 0, 'Hadir'),
(8158, 168, '2024-11-27', '07:48:00', '17:09:00', 0, 'Hadir'),
(8159, 158, '2024-11-27', '08:24:00', '19:21:00', 139, 'Hadir'),
(8160, 157, '2024-11-27', '08:06:00', '16:33:00', 0, 'Hadir'),
(8161, 160, '2024-11-27', '07:52:00', '17:10:00', 0, 'Hadir'),
(8162, 165, '2024-11-27', '08:23:00', '16:50:00', 0, 'Hadir'),
(8163, 162, '2024-11-27', '07:32:00', '17:42:00', 33, 'Hadir'),
(8164, 167, '2024-11-28', '07:53:00', '19:39:00', 137, 'Hadir'),
(8165, 169, '2024-11-28', '08:06:00', '17:22:00', 0, 'Hadir'),
(8166, 156, '2024-11-28', '07:49:00', '16:46:00', 0, 'Hadir'),
(8167, 164, '2024-11-28', '07:40:00', '17:07:00', 0, 'Hadir'),
(8168, 163, '2024-11-28', '08:02:00', '17:26:00', 0, 'Hadir'),
(8169, 155, '2024-11-28', '07:48:00', '16:43:00', 0, 'Hadir'),
(8170, 159, '2024-11-28', '08:13:00', '17:27:00', 0, 'Hadir'),
(8171, 161, '2024-11-28', '07:42:00', '17:27:00', 0, 'Hadir'),
(8172, 166, '2024-11-28', '07:44:00', '16:46:00', 0, 'Hadir'),
(8173, 168, '2024-11-28', '07:37:00', '16:54:00', 0, 'Hadir'),
(8174, 158, '2024-11-28', '07:59:00', '16:48:00', 0, 'Hadir'),
(8175, 157, '2024-11-28', '08:16:00', '17:26:00', 0, 'Hadir'),
(8176, 160, '2024-11-28', '07:40:00', '17:16:00', 0, 'Hadir'),
(8177, 165, '2024-11-28', '00:00:00', '00:00:00', 0, 'Alpha'),
(8178, 162, '2024-11-28', '07:32:00', '17:10:00', 0, 'Hadir'),
(8179, 167, '2024-11-29', '08:12:00', '17:27:00', 51, 'Hadir'),
(8180, 169, '2024-11-29', '07:37:00', '16:44:00', 0, 'Hadir'),
(8181, 156, '2024-11-29', '07:40:00', '16:31:00', 0, 'Hadir'),
(8182, 164, '2024-11-29', '07:30:00', '17:00:00', 0, 'Hadir'),
(8183, 163, '2024-11-29', '08:16:00', '17:23:00', 0, 'Hadir'),
(8184, 155, '2024-11-29', '08:10:00', '17:15:00', 0, 'Hadir'),
(8185, 159, '2024-11-29', '08:19:00', '18:19:00', 84, 'Hadir'),
(8186, 161, '2024-11-29', '07:32:00', '16:53:00', 0, 'Hadir'),
(8187, 166, '2024-11-29', '08:21:00', '17:00:00', 0, 'Hadir'),
(8188, 168, '2024-11-29', '08:15:00', '17:12:00', 0, 'Hadir'),
(8189, 158, '2024-11-29', '07:50:00', '16:35:00', 0, 'Hadir'),
(8190, 157, '2024-11-29', '08:01:00', '17:05:00', 0, 'Hadir'),
(8191, 160, '2024-11-29', '08:03:00', '17:25:00', 0, 'Hadir'),
(8192, 165, '2024-11-29', '07:43:00', '17:26:00', 0, 'Hadir'),
(8193, 162, '2024-11-29', '08:16:00', '17:06:00', 0, 'Hadir'),
(8194, 167, '2024-12-02', '08:19:00', '17:22:00', 0, 'Hadir'),
(8195, 169, '2024-12-02', '00:00:00', '00:00:00', 0, 'Alpha'),
(8196, 156, '2024-12-02', '07:42:00', '16:43:00', 0, 'Hadir'),
(8197, 164, '2024-12-02', '08:04:00', '16:57:00', 0, 'Hadir'),
(8198, 163, '2024-12-02', '08:11:00', '17:03:00', 0, 'Hadir'),
(8199, 155, '2024-12-02', '07:33:00', '17:11:00', 0, 'Hadir'),
(8200, 159, '2024-12-02', '07:59:00', '17:13:00', 0, 'Hadir'),
(8201, 161, '2024-12-02', '07:53:00', '16:45:00', 0, 'Hadir'),
(8202, 166, '2024-12-02', '07:38:00', '16:44:00', 0, 'Hadir'),
(8203, 168, '2024-12-02', '08:24:00', '17:19:00', 0, 'Hadir'),
(8204, 158, '2024-12-02', '07:58:00', '17:16:00', 0, 'Hadir'),
(8205, 157, '2024-12-02', '07:53:00', '17:22:00', 0, 'Hadir'),
(8206, 160, '2024-12-02', '08:26:00', '17:15:00', 0, 'Hadir'),
(8207, 165, '2024-12-02', '08:11:00', '17:01:00', 0, 'Hadir'),
(8208, 162, '2024-12-02', '07:47:00', '18:33:00', 113, 'Hadir'),
(8209, 167, '2024-12-03', '07:46:00', '17:05:00', 0, 'Hadir'),
(8210, 169, '2024-12-03', '07:46:00', '19:42:00', 144, 'Hadir'),
(8211, 156, '2024-12-03', '08:30:00', '16:34:00', 0, 'Hadir'),
(8212, 164, '2024-12-03', '07:55:00', '17:22:00', 0, 'Hadir'),
(8213, 163, '2024-12-03', '07:41:00', '16:37:00', 0, 'Hadir'),
(8214, 155, '2024-12-03', '08:23:00', '17:04:00', 0, 'Hadir'),
(8215, 159, '2024-12-03', '07:38:00', '16:30:00', 0, 'Hadir'),
(8216, 161, '2024-12-03', '08:15:00', '18:47:00', 84, 'Hadir'),
(8217, 166, '2024-12-03', '08:00:00', '19:21:00', 159, 'Hadir'),
(8218, 168, '2024-12-03', '08:09:00', '16:53:00', 0, 'Hadir'),
(8219, 158, '2024-12-03', '07:55:00', '16:32:00', 0, 'Hadir'),
(8220, 157, '2024-12-03', '08:10:00', '17:17:00', 0, 'Hadir'),
(8221, 160, '2024-12-03', '07:30:00', '16:34:00', 0, 'Hadir'),
(8222, 165, '2024-12-03', '08:05:00', '17:30:00', 33, 'Hadir'),
(8223, 162, '2024-12-03', '08:12:00', '16:33:00', 0, 'Hadir'),
(8224, 167, '2024-12-04', '07:35:00', '16:37:00', 0, 'Hadir'),
(8225, 169, '2024-12-04', '08:27:00', '16:43:00', 0, 'Hadir'),
(8226, 156, '2024-12-04', '08:24:00', '16:33:00', 0, 'Hadir'),
(8227, 164, '2024-12-04', '00:00:00', '00:00:00', 0, 'Alpha'),
(8228, 163, '2024-12-04', '07:34:00', '16:40:00', 0, 'Hadir'),
(8229, 155, '2024-12-04', '07:47:00', '16:57:00', 0, 'Hadir'),
(8230, 159, '2024-12-04', '08:07:00', '17:19:00', 0, 'Hadir'),
(8231, 161, '2024-12-04', '08:21:00', '17:25:00', 0, 'Hadir'),
(8232, 166, '2024-12-04', '07:50:00', '16:30:00', 0, 'Hadir'),
(8233, 168, '2024-12-04', '08:13:00', '16:40:00', 0, 'Hadir'),
(8234, 158, '2024-12-04', '07:32:00', '17:13:00', 0, 'Hadir'),
(8235, 157, '2024-12-04', '00:00:00', '00:00:00', 0, 'Alpha'),
(8236, 160, '2024-12-04', '08:25:00', '17:55:00', 85, 'Hadir'),
(8237, 165, '2024-12-04', '07:39:00', '16:44:00', 0, 'Hadir'),
(8238, 162, '2024-12-04', '00:00:00', '00:00:00', 0, 'Alpha'),
(8239, 167, '2024-12-05', '07:45:00', '16:48:00', 0, 'Hadir'),
(8240, 169, '2024-12-05', '08:12:00', '17:13:00', 0, 'Hadir'),
(8241, 156, '2024-12-05', '08:24:00', '16:38:00', 0, 'Hadir'),
(8242, 164, '2024-12-05', '07:52:00', '19:49:00', 159, 'Hadir'),
(8243, 163, '2024-12-05', '07:40:00', '17:21:00', 0, 'Hadir'),
(8244, 155, '2024-12-05', '07:53:00', '16:44:00', 0, 'Hadir'),
(8245, 159, '2024-12-05', '08:30:00', '17:00:00', 0, 'Hadir'),
(8246, 161, '2024-12-05', '08:30:00', '18:09:00', 40, 'Hadir'),
(8247, 166, '2024-12-05', '07:43:00', '16:33:00', 0, 'Hadir'),
(8248, 168, '2024-12-05', '08:07:00', '17:14:00', 0, 'Hadir'),
(8249, 158, '2024-12-05', '08:16:00', '17:48:00', 31, 'Hadir'),
(8250, 157, '2024-12-05', '08:02:00', '19:15:00', 155, 'Hadir'),
(8251, 160, '2024-12-05', '07:53:00', '17:28:00', 0, 'Hadir'),
(8252, 165, '2024-12-05', '07:41:00', '17:29:00', 0, 'Hadir'),
(8253, 162, '2024-12-05', '08:18:00', '16:39:00', 0, 'Hadir'),
(8254, 167, '2024-12-06', '07:51:00', '16:50:00', 0, 'Hadir'),
(8255, 169, '2024-12-06', '08:03:00', '16:33:00', 0, 'Hadir'),
(8256, 156, '2024-12-06', '07:51:00', '16:32:00', 0, 'Hadir'),
(8257, 164, '2024-12-06', '07:40:00', '20:11:00', 168, 'Hadir'),
(8258, 163, '2024-12-06', '07:57:00', '16:39:00', 0, 'Hadir'),
(8259, 155, '2024-12-06', '08:16:00', '16:44:00', 0, 'Hadir'),
(8260, 159, '2024-12-06', '07:47:00', '19:59:00', 151, 'Hadir'),
(8261, 161, '2024-12-06', '07:44:00', '17:00:00', 0, 'Hadir'),
(8262, 166, '2024-12-06', '08:15:00', '19:17:00', 155, 'Hadir'),
(8263, 168, '2024-12-06', '07:55:00', '16:59:00', 0, 'Hadir'),
(8264, 158, '2024-12-06', '08:13:00', '16:49:00', 0, 'Hadir'),
(8265, 157, '2024-12-06', '07:43:00', '17:23:00', 0, 'Hadir'),
(8266, 160, '2024-12-06', '07:49:00', '16:34:00', 0, 'Hadir'),
(8267, 165, '2024-12-06', '07:37:00', '16:30:00', 0, 'Hadir'),
(8268, 162, '2024-12-06', '07:40:00', '16:58:00', 0, 'Hadir'),
(8269, 167, '2024-12-09', '08:11:00', '19:24:00', 132, 'Hadir'),
(8270, 169, '2024-12-09', '08:10:00', '16:37:00', 0, 'Hadir'),
(8271, 156, '2024-12-09', '07:49:00', '17:03:00', 0, 'Hadir'),
(8272, 164, '2024-12-09', '07:47:00', '17:54:00', 71, 'Hadir'),
(8273, 163, '2024-12-09', '08:03:00', '16:50:00', 0, 'Hadir'),
(8274, 155, '2024-12-09', '07:30:00', '16:31:00', 0, 'Hadir'),
(8275, 159, '2024-12-09', '08:10:00', '16:35:00', 0, 'Hadir'),
(8276, 161, '2024-12-09', '07:39:00', '17:07:00', 0, 'Hadir'),
(8277, 166, '2024-12-09', '07:54:00', '16:33:00', 0, 'Hadir'),
(8278, 168, '2024-12-09', '08:01:00', '19:40:00', 143, 'Hadir'),
(8279, 158, '2024-12-09', '00:00:00', '00:00:00', 0, 'Alpha'),
(8280, 157, '2024-12-09', '07:51:00', '16:37:00', 0, 'Hadir'),
(8281, 160, '2024-12-09', '07:55:00', '17:54:00', 42, 'Hadir'),
(8282, 165, '2024-12-09', '08:18:00', '18:35:00', 97, 'Hadir'),
(8283, 162, '2024-12-09', '07:57:00', '17:05:00', 0, 'Hadir'),
(8284, 167, '2024-12-10', '00:00:00', '00:00:00', 0, 'Alpha'),
(8285, 169, '2024-12-10', '08:25:00', '17:17:00', 0, 'Hadir'),
(8286, 156, '2024-12-10', '08:30:00', '17:51:00', 64, 'Hadir'),
(8287, 164, '2024-12-10', '07:44:00', '16:30:00', 0, 'Hadir'),
(8288, 163, '2024-12-10', '08:13:00', '17:12:00', 0, 'Hadir'),
(8289, 155, '2024-12-10', '08:21:00', '16:50:00', 0, 'Hadir'),
(8290, 159, '2024-12-10', '07:56:00', '16:49:00', 0, 'Hadir'),
(8291, 161, '2024-12-10', '07:41:00', '17:25:00', 0, 'Hadir'),
(8292, 166, '2024-12-10', '07:42:00', '17:25:00', 0, 'Hadir'),
(8293, 168, '2024-12-10', '07:45:00', '16:32:00', 0, 'Hadir'),
(8294, 158, '2024-12-10', '08:29:00', '17:18:00', 0, 'Hadir'),
(8295, 157, '2024-12-10', '07:50:00', '17:01:00', 0, 'Hadir'),
(8296, 160, '2024-12-10', '07:46:00', '16:52:00', 0, 'Hadir'),
(8297, 165, '2024-12-10', '08:29:00', '17:01:00', 0, 'Hadir'),
(8298, 162, '2024-12-10', '08:08:00', '17:08:00', 0, 'Hadir'),
(8299, 167, '2024-12-11', '07:46:00', '16:56:00', 0, 'Hadir'),
(8300, 169, '2024-12-11', '07:39:00', '16:38:00', 0, 'Hadir'),
(8301, 156, '2024-12-11', '07:51:00', '18:40:00', 72, 'Hadir'),
(8302, 164, '2024-12-11', '07:44:00', '17:30:00', 0, 'Hadir'),
(8303, 163, '2024-12-11', '07:38:00', '17:25:00', 0, 'Hadir'),
(8304, 155, '2024-12-11', '07:36:00', '16:51:00', 0, 'Hadir'),
(8305, 159, '2024-12-11', '08:09:00', '17:59:00', 88, 'Hadir'),
(8306, 161, '2024-12-11', '08:08:00', '16:33:00', 0, 'Hadir'),
(8307, 166, '2024-12-11', '00:00:00', '00:00:00', 0, 'Alpha'),
(8308, 168, '2024-12-11', '08:27:00', '17:27:00', 0, 'Hadir'),
(8309, 158, '2024-12-11', '07:55:00', '17:16:00', 0, 'Hadir'),
(8310, 157, '2024-12-11', '00:00:00', '00:00:00', 0, 'Alpha'),
(8311, 160, '2024-12-11', '08:05:00', '17:24:00', 0, 'Hadir'),
(8312, 165, '2024-12-11', '08:20:00', '16:56:00', 0, 'Hadir'),
(8313, 162, '2024-12-11', '08:18:00', '18:43:00', 92, 'Hadir'),
(8314, 167, '2024-12-12', '00:00:00', '00:00:00', 0, 'Alpha'),
(8315, 169, '2024-12-12', '08:09:00', '16:51:00', 0, 'Hadir'),
(8316, 156, '2024-12-12', '07:55:00', '17:24:00', 0, 'Hadir'),
(8317, 164, '2024-12-12', '08:28:00', '16:58:00', 0, 'Hadir'),
(8318, 163, '2024-12-12', '07:32:00', '16:39:00', 0, 'Hadir'),
(8319, 155, '2024-12-12', '07:40:00', '17:39:00', 34, 'Hadir'),
(8320, 159, '2024-12-12', '08:08:00', '16:35:00', 0, 'Hadir'),
(8321, 161, '2024-12-12', '07:33:00', '17:06:00', 0, 'Hadir'),
(8322, 166, '2024-12-12', '08:01:00', '17:05:00', 0, 'Hadir'),
(8323, 168, '2024-12-12', '07:33:00', '17:05:00', 0, 'Hadir'),
(8324, 158, '2024-12-12', '07:46:00', '16:34:00', 0, 'Hadir'),
(8325, 157, '2024-12-12', '07:56:00', '17:20:00', 0, 'Hadir'),
(8326, 160, '2024-12-12', '07:34:00', '17:21:00', 0, 'Hadir'),
(8327, 165, '2024-12-12', '08:15:00', '16:56:00', 0, 'Hadir'),
(8328, 162, '2024-12-12', '08:22:00', '16:48:00', 0, 'Hadir'),
(8329, 167, '2024-12-13', '08:06:00', '16:58:00', 0, 'Hadir'),
(8330, 169, '2024-12-13', '08:24:00', '17:25:00', 30, 'Hadir'),
(8331, 156, '2024-12-13', '07:41:00', '16:48:00', 0, 'Hadir'),
(8332, 164, '2024-12-13', '07:37:00', '19:40:00', 138, 'Hadir'),
(8333, 163, '2024-12-13', '00:00:00', '00:00:00', 0, 'Alpha'),
(8334, 155, '2024-12-13', '07:47:00', '17:19:00', 0, 'Hadir'),
(8335, 159, '2024-12-13', '07:48:00', '17:42:00', 44, 'Hadir'),
(8336, 161, '2024-12-13', '08:19:00', '19:11:00', 112, 'Hadir'),
(8337, 166, '2024-12-13', '07:58:00', '17:27:00', 0, 'Hadir'),
(8338, 168, '2024-12-13', '07:44:00', '16:52:00', 0, 'Hadir'),
(8339, 158, '2024-12-13', '07:56:00', '16:49:00', 0, 'Hadir'),
(8340, 157, '2024-12-13', '08:19:00', '16:44:00', 0, 'Hadir'),
(8341, 160, '2024-12-13', '07:30:00', '16:38:00', 0, 'Hadir'),
(8342, 165, '2024-12-13', '08:16:00', '17:00:00', 0, 'Hadir'),
(8343, 162, '2024-12-13', '08:19:00', '16:30:00', 0, 'Hadir'),
(8344, 167, '2024-12-16', '08:28:00', '16:34:00', 0, 'Hadir'),
(8345, 169, '2024-12-16', '07:50:00', '16:33:00', 0, 'Hadir'),
(8346, 156, '2024-12-16', '07:51:00', '16:45:00', 0, 'Hadir'),
(8347, 164, '2024-12-16', '08:20:00', '17:28:00', 0, 'Hadir'),
(8348, 163, '2024-12-16', '08:25:00', '16:32:00', 0, 'Hadir'),
(8349, 155, '2024-12-16', '00:00:00', '00:00:00', 0, 'Alpha'),
(8350, 159, '2024-12-16', '08:22:00', '17:03:00', 0, 'Hadir'),
(8351, 161, '2024-12-16', '08:25:00', '16:47:00', 0, 'Hadir'),
(8352, 166, '2024-12-16', '08:13:00', '16:42:00', 0, 'Hadir'),
(8353, 168, '2024-12-16', '08:16:00', '19:44:00', 158, 'Hadir'),
(8354, 158, '2024-12-16', '07:53:00', '18:20:00', 58, 'Hadir'),
(8355, 157, '2024-12-16', '07:57:00', '16:52:00', 0, 'Hadir'),
(8356, 160, '2024-12-16', '07:32:00', '16:47:00', 0, 'Hadir'),
(8357, 165, '2024-12-16', '08:01:00', '16:50:00', 0, 'Hadir'),
(8358, 162, '2024-12-16', '08:29:00', '17:19:00', 0, 'Hadir'),
(8359, 167, '2024-12-17', '07:59:00', '18:29:00', 61, 'Hadir'),
(8360, 169, '2024-12-17', '07:49:00', '16:55:00', 0, 'Hadir'),
(8361, 156, '2024-12-17', '07:44:00', '16:54:00', 0, 'Hadir'),
(8362, 164, '2024-12-17', '07:47:00', '16:53:00', 0, 'Hadir'),
(8363, 163, '2024-12-17', '08:28:00', '17:11:00', 0, 'Hadir'),
(8364, 155, '2024-12-17', '07:36:00', '17:24:00', 0, 'Hadir'),
(8365, 159, '2024-12-17', '07:43:00', '18:36:00', 97, 'Hadir'),
(8366, 161, '2024-12-17', '07:38:00', '19:50:00', 148, 'Hadir'),
(8367, 166, '2024-12-17', '08:20:00', '17:10:00', 0, 'Hadir'),
(8368, 168, '2024-12-17', '08:19:00', '16:58:00', 0, 'Hadir'),
(8369, 158, '2024-12-17', '08:24:00', '16:38:00', 0, 'Hadir'),
(8370, 157, '2024-12-17', '07:46:00', '16:57:00', 0, 'Hadir'),
(8371, 160, '2024-12-17', '08:01:00', '16:53:00', 0, 'Hadir'),
(8372, 165, '2024-12-17', '08:16:00', '19:34:00', 126, 'Hadir'),
(8373, 162, '2024-12-17', '08:22:00', '16:38:00', 0, 'Hadir'),
(8374, 167, '2024-12-18', '08:21:00', '16:46:00', 0, 'Hadir'),
(8375, 169, '2024-12-18', '07:35:00', '16:55:00', 0, 'Hadir'),
(8376, 156, '2024-12-18', '07:41:00', '16:50:00', 0, 'Hadir'),
(8377, 164, '2024-12-18', '00:00:00', '00:00:00', 0, 'Alpha'),
(8378, 163, '2024-12-18', '07:31:00', '17:11:00', 0, 'Hadir'),
(8379, 155, '2024-12-18', '08:02:00', '17:01:00', 0, 'Hadir'),
(8380, 159, '2024-12-18', '07:55:00', '18:48:00', 111, 'Hadir'),
(8381, 161, '2024-12-18', '08:16:00', '16:42:00', 0, 'Hadir'),
(8382, 166, '2024-12-18', '07:39:00', '17:26:00', 0, 'Hadir'),
(8383, 168, '2024-12-18', '07:32:00', '17:17:00', 0, 'Hadir'),
(8384, 158, '2024-12-18', '08:07:00', '17:12:00', 0, 'Hadir'),
(8385, 157, '2024-12-18', '08:29:00', '16:49:00', 0, 'Hadir'),
(8386, 160, '2024-12-18', '08:29:00', '18:07:00', 91, 'Hadir'),
(8387, 165, '2024-12-18', '08:24:00', '19:35:00', 176, 'Hadir'),
(8388, 162, '2024-12-18', '07:40:00', '16:41:00', 0, 'Hadir'),
(8389, 167, '2024-12-19', '07:31:00', '17:22:00', 0, 'Hadir'),
(8390, 169, '2024-12-19', '07:55:00', '19:21:00', 137, 'Hadir'),
(8391, 156, '2024-12-19', '07:41:00', '17:10:00', 0, 'Hadir'),
(8392, 164, '2024-12-19', '08:10:00', '17:02:00', 0, 'Hadir'),
(8393, 163, '2024-12-19', '07:57:00', '17:26:00', 0, 'Hadir'),
(8394, 155, '2024-12-19', '07:43:00', '16:33:00', 0, 'Hadir'),
(8395, 159, '2024-12-19', '07:55:00', '16:34:00', 0, 'Hadir'),
(8396, 161, '2024-12-19', '08:18:00', '17:12:00', 0, 'Hadir'),
(8397, 166, '2024-12-19', '07:53:00', '17:42:00', 42, 'Hadir'),
(8398, 168, '2024-12-19', '08:00:00', '17:26:00', 0, 'Hadir'),
(8399, 158, '2024-12-19', '08:04:00', '17:10:00', 0, 'Hadir'),
(8400, 157, '2024-12-19', '08:18:00', '17:19:00', 0, 'Hadir'),
(8401, 160, '2024-12-19', '08:05:00', '18:40:00', 95, 'Hadir'),
(8402, 165, '2024-12-19', '07:46:00', '17:25:00', 0, 'Hadir'),
(8403, 162, '2024-12-19', '08:26:00', '17:08:00', 0, 'Hadir'),
(8404, 167, '2024-12-20', '00:00:00', '00:00:00', 0, 'Alpha'),
(8405, 169, '2024-12-20', '07:48:00', '16:46:00', 0, 'Hadir'),
(8406, 156, '2024-12-20', '07:48:00', '19:30:00', 121, 'Hadir'),
(8407, 164, '2024-12-20', '07:51:00', '16:48:00', 0, 'Hadir'),
(8408, 163, '2024-12-20', '07:44:00', '17:15:00', 0, 'Hadir'),
(8409, 155, '2024-12-20', '07:52:00', '18:36:00', 93, 'Hadir'),
(8410, 159, '2024-12-20', '07:40:00', '16:51:00', 0, 'Hadir'),
(8411, 161, '2024-12-20', '08:25:00', '17:28:00', 0, 'Hadir'),
(8412, 166, '2024-12-20', '07:38:00', '17:02:00', 0, 'Hadir'),
(8413, 168, '2024-12-20', '08:02:00', '16:34:00', 0, 'Hadir'),
(8414, 158, '2024-12-20', '07:54:00', '18:51:00', 103, 'Hadir'),
(8415, 157, '2024-12-20', '08:27:00', '16:33:00', 0, 'Hadir'),
(8416, 160, '2024-12-20', '08:08:00', '17:27:00', 0, 'Hadir'),
(8417, 165, '2024-12-20', '08:23:00', '16:46:00', 0, 'Hadir'),
(8418, 162, '2024-12-20', '08:30:00', '17:24:00', 0, 'Hadir'),
(8419, 167, '2024-12-23', '07:37:00', '16:32:00', 0, 'Hadir'),
(8420, 169, '2024-12-23', '07:35:00', '16:55:00', 0, 'Hadir'),
(8421, 156, '2024-12-23', '07:32:00', '16:44:00', 0, 'Hadir'),
(8422, 164, '2024-12-23', '08:28:00', '16:33:00', 0, 'Hadir'),
(8423, 163, '2024-12-23', '08:29:00', '17:22:00', 0, 'Hadir'),
(8424, 155, '2024-12-23', '07:49:00', '16:55:00', 0, 'Hadir'),
(8425, 159, '2024-12-23', '00:00:00', '00:00:00', 0, 'Alpha'),
(8426, 161, '2024-12-23', '08:09:00', '16:58:00', 0, 'Hadir'),
(8427, 166, '2024-12-23', '07:30:00', '17:29:00', 0, 'Hadir'),
(8428, 168, '2024-12-23', '07:58:00', '16:59:00', 0, 'Hadir'),
(8429, 158, '2024-12-23', '08:24:00', '16:39:00', 0, 'Hadir'),
(8430, 157, '2024-12-23', '08:18:00', '16:37:00', 0, 'Hadir'),
(8431, 160, '2024-12-23', '08:28:00', '17:28:00', 0, 'Hadir'),
(8432, 165, '2024-12-23', '08:17:00', '17:09:00', 0, 'Hadir'),
(8433, 162, '2024-12-23', '00:00:00', '00:00:00', 0, 'Alpha'),
(8434, 167, '2024-12-24', '08:02:00', '18:42:00', 80, 'Hadir'),
(8435, 169, '2024-12-24', '08:21:00', '17:04:00', 0, 'Hadir'),
(8436, 156, '2024-12-24', '07:59:00', '16:57:00', 0, 'Hadir'),
(8437, 164, '2024-12-24', '07:56:00', '17:12:00', 0, 'Hadir'),
(8438, 163, '2024-12-24', '07:44:00', '16:37:00', 0, 'Hadir'),
(8439, 155, '2024-12-24', '08:30:00', '16:31:00', 0, 'Hadir'),
(8440, 159, '2024-12-24', '07:49:00', '16:36:00', 0, 'Hadir'),
(8441, 161, '2024-12-24', '07:59:00', '16:32:00', 0, 'Hadir'),
(8442, 166, '2024-12-24', '07:37:00', '17:27:00', 0, 'Hadir'),
(8443, 168, '2024-12-24', '07:54:00', '16:56:00', 0, 'Hadir'),
(8444, 158, '2024-12-24', '08:26:00', '16:33:00', 0, 'Hadir'),
(8445, 157, '2024-12-24', '07:35:00', '16:30:00', 0, 'Hadir'),
(8446, 160, '2024-12-24', '08:12:00', '16:58:00', 0, 'Hadir'),
(8447, 165, '2024-12-24', '08:21:00', '19:11:00', 114, 'Hadir'),
(8448, 162, '2024-12-24', '08:16:00', '17:10:00', 39, 'Hadir'),
(8449, 167, '2024-12-25', '07:41:00', '16:31:00', 0, 'Hadir'),
(8450, 169, '2024-12-25', '08:17:00', '16:53:00', 0, 'Hadir'),
(8451, 156, '2024-12-25', '07:30:00', '17:25:00', 0, 'Hadir'),
(8452, 164, '2024-12-25', '07:49:00', '16:30:00', 0, 'Hadir'),
(8453, 163, '2024-12-25', '07:34:00', '17:25:00', 0, 'Hadir'),
(8454, 155, '2024-12-25', '08:20:00', '16:51:00', 0, 'Hadir'),
(8455, 159, '2024-12-25', '07:54:00', '16:38:00', 0, 'Hadir'),
(8456, 161, '2024-12-25', '08:13:00', '18:46:00', 112, 'Hadir'),
(8457, 166, '2024-12-25', '08:26:00', '17:07:00', 0, 'Hadir'),
(8458, 168, '2024-12-25', '08:19:00', '17:24:00', 0, 'Hadir'),
(8459, 158, '2024-12-25', '07:36:00', '16:35:00', 0, 'Hadir'),
(8460, 157, '2024-12-25', '08:26:00', '17:25:00', 0, 'Hadir'),
(8461, 160, '2024-12-25', '08:08:00', '16:37:00', 0, 'Hadir'),
(8462, 165, '2024-12-25', '08:26:00', '19:28:00', 120, 'Hadir'),
(8463, 162, '2024-12-25', '07:58:00', '16:44:00', 0, 'Hadir'),
(8464, 167, '2024-12-26', '08:01:00', '16:51:00', 0, 'Hadir'),
(8465, 169, '2024-12-26', '07:40:00', '19:14:00', 151, 'Hadir'),
(8466, 156, '2024-12-26', '08:12:00', '16:56:00', 0, 'Hadir'),
(8467, 164, '2024-12-26', '00:00:00', '00:00:00', 0, 'Alpha'),
(8468, 163, '2024-12-26', '07:50:00', '16:44:00', 0, 'Hadir'),
(8469, 155, '2024-12-26', '08:21:00', '16:51:00', 0, 'Hadir'),
(8470, 159, '2024-12-26', '08:28:00', '17:28:00', 0, 'Hadir'),
(8471, 161, '2024-12-26', '08:14:00', '17:12:00', 0, 'Hadir'),
(8472, 166, '2024-12-26', '00:00:00', '00:00:00', 0, 'Alpha'),
(8473, 168, '2024-12-26', '07:30:00', '17:08:00', 0, 'Hadir'),
(8474, 158, '2024-12-26', '00:00:00', '00:00:00', 0, 'Alpha'),
(8475, 157, '2024-12-26', '07:51:00', '16:55:00', 0, 'Hadir'),
(8476, 160, '2024-12-26', '08:19:00', '19:49:00', 177, 'Hadir'),
(8477, 165, '2024-12-26', '08:09:00', '17:29:00', 0, 'Hadir'),
(8478, 162, '2024-12-26', '08:12:00', '17:23:00', 0, 'Hadir'),
(8479, 167, '2024-12-27', '07:40:00', '16:42:00', 0, 'Hadir'),
(8480, 169, '2024-12-27', '07:57:00', '16:30:00', 0, 'Hadir'),
(8481, 156, '2024-12-27', '07:42:00', '18:56:00', 101, 'Hadir'),
(8482, 164, '2024-12-27', '00:00:00', '00:00:00', 0, 'Alpha'),
(8483, 163, '2024-12-27', '07:32:00', '19:26:00', 166, 'Hadir'),
(8484, 155, '2024-12-27', '07:49:00', '16:32:00', 0, 'Hadir'),
(8485, 159, '2024-12-27', '08:12:00', '17:44:00', 52, 'Hadir'),
(8486, 161, '2024-12-27', '08:16:00', '16:55:00', 0, 'Hadir'),
(8487, 166, '2024-12-27', '07:32:00', '17:26:00', 0, 'Hadir'),
(8488, 168, '2024-12-27', '08:12:00', '17:45:00', 53, 'Hadir'),
(8489, 158, '2024-12-27', '08:00:00', '17:44:00', 49, 'Hadir'),
(8490, 157, '2024-12-27', '08:04:00', '16:32:00', 0, 'Hadir'),
(8491, 160, '2024-12-27', '00:00:00', '00:00:00', 0, 'Alpha'),
(8492, 165, '2024-12-27', '08:22:00', '17:02:00', 0, 'Hadir'),
(8493, 162, '2024-12-27', '08:20:00', '17:00:00', 0, 'Hadir'),
(8494, 167, '2024-12-30', '08:22:00', '16:30:00', 0, 'Hadir'),
(8495, 169, '2024-12-30', '07:33:00', '17:38:00', 38, 'Hadir'),
(8496, 156, '2024-12-30', '07:50:00', '17:21:00', 0, 'Hadir'),
(8497, 164, '2024-12-30', '07:52:00', '16:50:00', 0, 'Hadir'),
(8498, 163, '2024-12-30', '08:14:00', '17:45:00', 69, 'Hadir'),
(8499, 155, '2024-12-30', '08:07:00', '16:54:00', 0, 'Hadir'),
(8500, 159, '2024-12-30', '07:59:00', '16:41:00', 0, 'Hadir'),
(8501, 161, '2024-12-30', '08:28:00', '17:06:00', 0, 'Hadir'),
(8502, 166, '2024-12-30', '07:38:00', '17:28:00', 0, 'Hadir'),
(8503, 168, '2024-12-30', '08:07:00', '16:55:00', 0, 'Hadir'),
(8504, 158, '2024-12-30', '07:47:00', '17:09:00', 0, 'Hadir'),
(8505, 157, '2024-12-30', '08:09:00', '19:28:00', 172, 'Hadir'),
(8506, 160, '2024-12-30', '08:16:00', '16:35:00', 0, 'Hadir'),
(8507, 165, '2024-12-30', '08:11:00', '17:30:00', 59, 'Hadir'),
(8508, 162, '2024-12-30', '08:02:00', '17:28:00', 0, 'Hadir'),
(8509, 167, '2024-12-31', '00:00:00', '00:00:00', 0, 'Alpha'),
(8510, 169, '2024-12-31', '00:00:00', '00:00:00', 0, 'Alpha'),
(8511, 156, '2024-12-31', '07:40:00', '16:50:00', 0, 'Hadir'),
(8512, 164, '2024-12-31', '08:06:00', '17:03:00', 33, 'Hadir'),
(8513, 163, '2024-12-31', '07:31:00', '18:04:00', 59, 'Hadir'),
(8514, 155, '2024-12-31', '08:24:00', '19:00:00', 129, 'Hadir'),
(8515, 159, '2024-12-31', '08:15:00', '16:32:00', 0, 'Hadir'),
(8516, 161, '2024-12-31', '08:14:00', '18:35:00', 73, 'Hadir'),
(8517, 166, '2024-12-31', '08:14:00', '16:45:00', 0, 'Hadir'),
(8518, 168, '2024-12-31', '08:29:00', '17:13:00', 0, 'Hadir'),
(8519, 158, '2024-12-31', '08:21:00', '16:38:00', 0, 'Hadir'),
(8520, 157, '2024-12-31', '07:52:00', '17:19:00', 0, 'Hadir'),
(8521, 160, '2024-12-31', '08:07:00', '17:01:00', 0, 'Hadir'),
(8522, 165, '2024-12-31', '08:12:00', '16:32:00', 0, 'Hadir'),
(8523, 162, '2024-12-31', '07:33:00', '16:57:00', 0, 'Hadir'),
(8524, 167, '2025-01-01', '08:29:00', '17:18:00', 0, 'Hadir'),
(8525, 169, '2025-01-01', '07:35:00', '17:08:00', 0, 'Hadir'),
(8526, 156, '2025-01-01', '08:04:00', '20:03:00', 173, 'Hadir'),
(8527, 164, '2025-01-01', '07:52:00', '16:50:00', 0, 'Hadir'),
(8528, 163, '2025-01-01', '07:33:00', '16:31:00', 0, 'Hadir'),
(8529, 155, '2025-01-01', '08:09:00', '18:40:00', 128, 'Hadir'),
(8530, 159, '2025-01-01', '07:37:00', '19:30:00', 150, 'Hadir'),
(8531, 161, '2025-01-01', '07:38:00', '16:42:00', 0, 'Hadir'),
(8532, 166, '2025-01-01', '08:28:00', '19:02:00', 96, 'Hadir'),
(8533, 168, '2025-01-01', '07:57:00', '17:25:00', 0, 'Hadir'),
(8534, 158, '2025-01-01', '07:33:00', '16:58:00', 0, 'Hadir'),
(8535, 157, '2025-01-01', '07:40:00', '17:05:00', 0, 'Hadir'),
(8536, 160, '2025-01-01', '08:01:00', '19:25:00', 127, 'Hadir'),
(8537, 165, '2025-01-01', '07:38:00', '18:54:00', 108, 'Hadir'),
(8538, 162, '2025-01-01', '07:34:00', '17:25:00', 0, 'Hadir'),
(8539, 167, '2025-01-02', '08:30:00', '16:32:00', 0, 'Hadir'),
(8540, 169, '2025-01-02', '07:49:00', '19:02:00', 99, 'Hadir'),
(8541, 156, '2025-01-02', '08:14:00', '16:48:00', 0, 'Hadir'),
(8542, 164, '2025-01-02', '08:14:00', '18:53:00', 88, 'Hadir'),
(8543, 163, '2025-01-02', '07:48:00', '16:33:00', 0, 'Hadir'),
(8544, 155, '2025-01-02', '08:10:00', '16:30:00', 0, 'Hadir'),
(8545, 159, '2025-01-02', '07:43:00', '16:58:00', 0, 'Hadir'),
(8546, 161, '2025-01-02', '08:23:00', '18:24:00', 92, 'Hadir'),
(8547, 166, '2025-01-02', '08:28:00', '17:10:00', 0, 'Hadir'),
(8548, 168, '2025-01-02', '08:10:00', '17:20:00', 0, 'Hadir'),
(8549, 158, '2025-01-02', '08:12:00', '17:02:00', 0, 'Hadir'),
(8550, 157, '2025-01-02', '08:17:00', '16:32:00', 0, 'Hadir'),
(8551, 160, '2025-01-02', '08:10:00', '16:58:00', 0, 'Hadir'),
(8552, 165, '2025-01-02', '08:10:00', '16:55:00', 0, 'Hadir'),
(8553, 162, '2025-01-02', '07:36:00', '17:13:00', 0, 'Hadir'),
(8554, 167, '2025-01-03', '07:45:00', '16:46:00', 0, 'Hadir'),
(8555, 169, '2025-01-03', '08:22:00', '17:23:00', 0, 'Hadir'),
(8556, 156, '2025-01-03', '00:00:00', '00:00:00', 0, 'Alpha'),
(8557, 164, '2025-01-03', '00:00:00', '00:00:00', 0, 'Alpha'),
(8558, 163, '2025-01-03', '07:39:00', '17:25:00', 0, 'Hadir'),
(8559, 155, '2025-01-03', '07:31:00', '16:40:00', 0, 'Hadir'),
(8560, 159, '2025-01-03', '07:53:00', '16:43:00', 0, 'Hadir'),
(8561, 161, '2025-01-03', '07:34:00', '17:01:00', 0, 'Hadir'),
(8562, 166, '2025-01-03', '08:03:00', '16:54:00', 0, 'Hadir'),
(8563, 168, '2025-01-03', '08:18:00', '17:20:00', 0, 'Hadir'),
(8564, 158, '2025-01-03', '07:39:00', '16:43:00', 0, 'Hadir'),
(8565, 157, '2025-01-03', '08:16:00', '17:01:00', 0, 'Hadir'),
(8566, 160, '2025-01-03', '08:26:00', '18:39:00', 95, 'Hadir'),
(8567, 165, '2025-01-03', '08:15:00', '17:18:00', 0, 'Hadir'),
(8568, 162, '2025-01-03', '00:00:00', '00:00:00', 0, 'Alpha'),
(8569, 167, '2025-01-06', '08:08:00', '16:33:00', 0, 'Hadir'),
(8570, 169, '2025-01-06', '07:35:00', '19:45:00', 172, 'Hadir'),
(8571, 156, '2025-01-06', '07:41:00', '17:12:00', 0, 'Hadir'),
(8572, 164, '2025-01-06', '08:17:00', '17:25:00', 0, 'Hadir'),
(8573, 163, '2025-01-06', '07:39:00', '17:16:00', 0, 'Hadir'),
(8574, 155, '2025-01-06', '08:04:00', '16:31:00', 0, 'Hadir'),
(8575, 159, '2025-01-06', '00:00:00', '00:00:00', 0, 'Alpha'),
(8576, 161, '2025-01-06', '07:33:00', '17:04:00', 0, 'Hadir'),
(8577, 166, '2025-01-06', '08:24:00', '17:29:00', 0, 'Hadir'),
(8578, 168, '2025-01-06', '08:27:00', '17:02:00', 0, 'Hadir'),
(8579, 158, '2025-01-06', '08:14:00', '17:02:00', 0, 'Hadir'),
(8580, 157, '2025-01-06', '08:30:00', '17:02:00', 0, 'Hadir'),
(8581, 160, '2025-01-06', '08:06:00', '16:52:00', 0, 'Hadir'),
(8582, 165, '2025-01-06', '07:55:00', '19:24:00', 128, 'Hadir'),
(8583, 162, '2025-01-06', '07:39:00', '17:23:00', 0, 'Hadir'),
(8584, 167, '2025-01-07', '07:35:00', '19:31:00', 129, 'Hadir'),
(8585, 169, '2025-01-07', '08:11:00', '18:54:00', 113, 'Hadir'),
(8586, 156, '2025-01-07', '07:36:00', '18:45:00', 94, 'Hadir'),
(8587, 164, '2025-01-07', '07:55:00', '18:24:00', 102, 'Hadir'),
(8588, 163, '2025-01-07', '07:46:00', '18:39:00', 123, 'Hadir'),
(8589, 155, '2025-01-07', '08:30:00', '17:24:00', 0, 'Hadir'),
(8590, 159, '2025-01-07', '07:45:00', '16:36:00', 0, 'Hadir'),
(8591, 161, '2025-01-07', '08:15:00', '16:48:00', 0, 'Hadir'),
(8592, 166, '2025-01-07', '07:40:00', '17:01:00', 0, 'Hadir'),
(8593, 168, '2025-01-07', '08:11:00', '17:12:00', 0, 'Hadir'),
(8594, 158, '2025-01-07', '07:42:00', '17:26:00', 0, 'Hadir'),
(8595, 157, '2025-01-07', '07:32:00', '16:51:00', 0, 'Hadir'),
(8596, 160, '2025-01-07', '08:29:00', '18:01:00', 56, 'Hadir'),
(8597, 165, '2025-01-07', '07:44:00', '16:37:00', 0, 'Hadir'),
(8598, 162, '2025-01-07', '08:20:00', '17:06:00', 35, 'Hadir'),
(8599, 167, '2025-01-08', '08:28:00', '17:06:00', 0, 'Hadir'),
(8600, 169, '2025-01-08', '08:26:00', '17:06:00', 0, 'Hadir'),
(8601, 156, '2025-01-08', '08:14:00', '17:26:00', 0, 'Hadir'),
(8602, 164, '2025-01-08', '08:23:00', '18:16:00', 95, 'Hadir'),
(8603, 163, '2025-01-08', '07:57:00', '16:32:00', 0, 'Hadir'),
(8604, 155, '2025-01-08', '07:45:00', '16:32:00', 0, 'Hadir'),
(8605, 159, '2025-01-08', '08:20:00', '16:44:00', 0, 'Hadir'),
(8606, 161, '2025-01-08', '07:31:00', '17:10:00', 0, 'Hadir'),
(8607, 166, '2025-01-08', '07:53:00', '16:42:00', 0, 'Hadir'),
(8608, 168, '2025-01-08', '08:18:00', '17:33:00', 49, 'Hadir'),
(8609, 158, '2025-01-08', '07:45:00', '17:16:00', 0, 'Hadir'),
(8610, 157, '2025-01-08', '08:19:00', '17:25:00', 0, 'Hadir'),
(8611, 160, '2025-01-08', '08:05:00', '16:31:00', 0, 'Hadir'),
(8612, 165, '2025-01-08', '08:17:00', '16:36:00', 0, 'Hadir'),
(8613, 162, '2025-01-08', '08:22:00', '18:39:00', 75, 'Hadir'),
(8614, 167, '2025-01-09', '07:32:00', '19:42:00', 140, 'Hadir'),
(8615, 169, '2025-01-09', '08:03:00', '17:06:00', 0, 'Hadir'),
(8616, 156, '2025-01-09', '08:29:00', '16:34:00', 0, 'Hadir'),
(8617, 164, '2025-01-09', '08:12:00', '16:57:00', 0, 'Hadir'),
(8618, 163, '2025-01-09', '07:34:00', '16:41:00', 0, 'Hadir'),
(8619, 155, '2025-01-09', '08:16:00', '16:45:00', 0, 'Hadir'),
(8620, 159, '2025-01-09', '00:00:00', '00:00:00', 0, 'Alpha'),
(8621, 161, '2025-01-09', '07:59:00', '18:10:00', 63, 'Hadir'),
(8622, 166, '2025-01-09', '08:07:00', '16:35:00', 0, 'Hadir'),
(8623, 168, '2025-01-09', '08:11:00', '16:38:00', 0, 'Hadir'),
(8624, 158, '2025-01-09', '07:31:00', '16:56:00', 0, 'Hadir'),
(8625, 157, '2025-01-09', '08:06:00', '16:54:00', 0, 'Hadir'),
(8626, 160, '2025-01-09', '08:13:00', '16:37:00', 0, 'Hadir'),
(8627, 165, '2025-01-09', '08:11:00', '16:40:00', 0, 'Hadir'),
(8628, 162, '2025-01-09', '08:29:00', '17:14:00', 0, 'Hadir'),
(8629, 167, '2025-01-10', '08:18:00', '17:10:00', 0, 'Hadir'),
(8630, 169, '2025-01-10', '07:46:00', '16:34:00', 0, 'Hadir'),
(8631, 156, '2025-01-10', '00:00:00', '00:00:00', 0, 'Alpha'),
(8632, 164, '2025-01-10', '08:08:00', '16:33:00', 0, 'Hadir'),
(8633, 163, '2025-01-10', '07:50:00', '17:04:00', 0, 'Hadir'),
(8634, 155, '2025-01-10', '07:58:00', '16:56:00', 0, 'Hadir'),
(8635, 159, '2025-01-10', '07:36:00', '17:44:00', 31, 'Hadir'),
(8636, 161, '2025-01-10', '07:40:00', '17:02:00', 0, 'Hadir'),
(8637, 166, '2025-01-10', '07:41:00', '16:36:00', 0, 'Hadir'),
(8638, 168, '2025-01-10', '08:21:00', '16:37:00', 0, 'Hadir'),
(8639, 158, '2025-01-10', '07:52:00', '16:48:00', 0, 'Hadir'),
(8640, 157, '2025-01-10', '08:08:00', '18:45:00', 129, 'Hadir'),
(8641, 160, '2025-01-10', '08:15:00', '16:45:00', 0, 'Hadir'),
(8642, 165, '2025-01-10', '00:00:00', '00:00:00', 0, 'Alpha'),
(8643, 162, '2025-01-10', '08:14:00', '17:05:00', 0, 'Hadir'),
(8644, 167, '2025-01-13', '08:23:00', '16:30:00', 0, 'Hadir'),
(8645, 169, '2025-01-13', '07:54:00', '17:55:00', 77, 'Hadir'),
(8646, 156, '2025-01-13', '00:00:00', '00:00:00', 0, 'Alpha'),
(8647, 164, '2025-01-13', '07:55:00', '17:30:00', 0, 'Hadir'),
(8648, 163, '2025-01-13', '07:42:00', '17:03:00', 0, 'Hadir'),
(8649, 155, '2025-01-13', '07:58:00', '17:18:00', 0, 'Hadir'),
(8650, 159, '2025-01-13', '07:30:00', '16:55:00', 0, 'Hadir'),
(8651, 161, '2025-01-13', '07:48:00', '17:01:00', 0, 'Hadir'),
(8652, 166, '2025-01-13', '07:57:00', '16:39:00', 0, 'Hadir'),
(8653, 168, '2025-01-13', '07:32:00', '16:58:00', 0, 'Hadir'),
(8654, 158, '2025-01-13', '08:28:00', '17:14:00', 0, 'Hadir'),
(8655, 157, '2025-01-13', '08:08:00', '17:04:00', 0, 'Hadir'),
(8656, 160, '2025-01-13', '07:42:00', '16:38:00', 0, 'Hadir'),
(8657, 165, '2025-01-13', '07:45:00', '16:44:00', 0, 'Hadir'),
(8658, 162, '2025-01-13', '07:54:00', '16:34:00', 0, 'Hadir'),
(8659, 167, '2025-01-14', '08:02:00', '17:58:00', 32, 'Hadir'),
(8660, 169, '2025-01-14', '07:35:00', '18:06:00', 64, 'Hadir'),
(8661, 156, '2025-01-14', '07:47:00', '17:25:00', 0, 'Hadir'),
(8662, 164, '2025-01-14', '08:12:00', '17:35:00', 40, 'Hadir');
INSERT INTO `tb_absensi` (`id`, `karyawan_id`, `tanggal`, `jam_masuk`, `jam_keluar`, `lembur`, `status`) VALUES
(8663, 163, '2025-01-14', '07:59:00', '17:28:00', 0, 'Hadir'),
(8664, 155, '2025-01-14', '08:09:00', '17:08:00', 0, 'Hadir'),
(8665, 159, '2025-01-14', '08:30:00', '18:49:00', 82, 'Hadir'),
(8666, 161, '2025-01-14', '08:11:00', '17:22:00', 0, 'Hadir'),
(8667, 166, '2025-01-14', '08:13:00', '16:42:00', 0, 'Hadir'),
(8668, 168, '2025-01-14', '00:00:00', '00:00:00', 0, 'Alpha'),
(8669, 158, '2025-01-14', '08:14:00', '16:49:00', 0, 'Hadir'),
(8670, 157, '2025-01-14', '07:36:00', '17:15:00', 0, 'Hadir'),
(8671, 160, '2025-01-14', '08:02:00', '18:40:00', 82, 'Hadir'),
(8672, 165, '2025-01-14', '08:02:00', '16:40:00', 0, 'Hadir'),
(8673, 162, '2025-01-14', '07:51:00', '17:25:00', 0, 'Hadir'),
(8674, 167, '2025-01-15', '00:00:00', '00:00:00', 0, 'Alpha'),
(8675, 169, '2025-01-15', '07:36:00', '16:54:00', 0, 'Hadir'),
(8676, 156, '2025-01-15', '00:00:00', '00:00:00', 0, 'Alpha'),
(8677, 164, '2025-01-15', '07:30:00', '17:28:00', 0, 'Hadir'),
(8678, 163, '2025-01-15', '08:04:00', '16:55:00', 0, 'Hadir'),
(8679, 155, '2025-01-15', '08:16:00', '17:24:00', 0, 'Hadir'),
(8680, 159, '2025-01-15', '08:22:00', '17:15:00', 0, 'Hadir'),
(8681, 161, '2025-01-15', '07:56:00', '16:51:00', 0, 'Hadir'),
(8682, 166, '2025-01-15', '07:38:00', '17:01:00', 0, 'Hadir'),
(8683, 168, '2025-01-15', '08:14:00', '17:30:00', 0, 'Hadir'),
(8684, 158, '2025-01-15', '07:57:00', '17:13:00', 0, 'Hadir'),
(8685, 157, '2025-01-15', '07:30:00', '16:42:00', 0, 'Hadir'),
(8686, 160, '2025-01-15', '08:25:00', '20:04:00', 159, 'Hadir'),
(8687, 165, '2025-01-15', '07:35:00', '17:55:00', 41, 'Hadir'),
(8688, 162, '2025-01-15', '07:34:00', '16:33:00', 0, 'Hadir'),
(8689, 167, '2025-01-16', '08:07:00', '16:31:00', 0, 'Hadir'),
(8690, 169, '2025-01-16', '07:30:00', '16:59:00', 0, 'Hadir'),
(8691, 156, '2025-01-16', '08:16:00', '17:16:00', 0, 'Hadir'),
(8692, 164, '2025-01-16', '08:28:00', '17:03:00', 0, 'Hadir'),
(8693, 163, '2025-01-16', '07:53:00', '18:15:00', 80, 'Hadir'),
(8694, 155, '2025-01-16', '07:41:00', '16:53:00', 0, 'Hadir'),
(8695, 159, '2025-01-16', '08:17:00', '16:31:00', 0, 'Hadir'),
(8696, 161, '2025-01-16', '07:51:00', '16:42:00', 0, 'Hadir'),
(8697, 166, '2025-01-16', '08:15:00', '17:19:00', 0, 'Hadir'),
(8698, 168, '2025-01-16', '07:53:00', '18:12:00', 81, 'Hadir'),
(8699, 158, '2025-01-16', '07:56:00', '16:56:00', 0, 'Hadir'),
(8700, 157, '2025-01-16', '08:20:00', '16:56:00', 0, 'Hadir'),
(8701, 160, '2025-01-16', '08:00:00', '16:44:00', 0, 'Hadir'),
(8702, 165, '2025-01-16', '08:23:00', '17:12:00', 0, 'Hadir'),
(8703, 162, '2025-01-16', '07:55:00', '16:57:00', 0, 'Hadir'),
(8704, 167, '2025-01-17', '08:28:00', '17:14:00', 0, 'Hadir'),
(8705, 169, '2025-01-17', '00:00:00', '00:00:00', 0, 'Alpha'),
(8706, 156, '2025-01-17', '00:00:00', '00:00:00', 0, 'Alpha'),
(8707, 164, '2025-01-17', '00:00:00', '00:00:00', 0, 'Alpha'),
(8708, 163, '2025-01-17', '07:51:00', '19:05:00', 116, 'Hadir'),
(8709, 155, '2025-01-17', '07:45:00', '16:52:00', 0, 'Hadir'),
(8710, 159, '2025-01-17', '08:29:00', '16:58:00', 0, 'Hadir'),
(8711, 161, '2025-01-17', '08:21:00', '17:00:00', 0, 'Hadir'),
(8712, 166, '2025-01-17', '08:00:00', '19:59:00', 168, 'Hadir'),
(8713, 168, '2025-01-17', '08:05:00', '16:37:00', 0, 'Hadir'),
(8714, 158, '2025-01-17', '08:02:00', '17:07:00', 0, 'Hadir'),
(8715, 157, '2025-01-17', '07:53:00', '20:01:00', 167, 'Hadir'),
(8716, 160, '2025-01-17', '08:18:00', '17:15:00', 0, 'Hadir'),
(8717, 165, '2025-01-17', '08:25:00', '17:17:00', 0, 'Hadir'),
(8718, 162, '2025-01-17', '08:24:00', '17:10:00', 0, 'Hadir'),
(8719, 167, '2025-01-20', '08:20:00', '17:13:00', 0, 'Hadir'),
(8720, 169, '2025-01-20', '08:06:00', '16:39:00', 0, 'Hadir'),
(8721, 156, '2025-01-20', '08:10:00', '17:06:00', 0, 'Hadir'),
(8722, 164, '2025-01-20', '07:54:00', '18:19:00', 81, 'Hadir'),
(8723, 163, '2025-01-20', '07:51:00', '18:23:00', 113, 'Hadir'),
(8724, 155, '2025-01-20', '08:28:00', '17:06:00', 0, 'Hadir'),
(8725, 159, '2025-01-20', '08:11:00', '16:30:00', 0, 'Hadir'),
(8726, 161, '2025-01-20', '08:06:00', '18:55:00', 134, 'Hadir'),
(8727, 166, '2025-01-20', '07:53:00', '16:43:00', 0, 'Hadir'),
(8728, 168, '2025-01-20', '07:32:00', '17:22:00', 0, 'Hadir'),
(8729, 158, '2025-01-20', '07:51:00', '17:09:00', 0, 'Hadir'),
(8730, 157, '2025-01-20', '07:30:00', '16:41:00', 0, 'Hadir'),
(8731, 160, '2025-01-20', '08:28:00', '17:15:00', 0, 'Hadir'),
(8732, 165, '2025-01-20', '07:37:00', '18:09:00', 89, 'Hadir'),
(8733, 162, '2025-01-20', '08:23:00', '16:49:00', 0, 'Hadir'),
(8734, 167, '2025-01-21', '08:02:00', '16:45:00', 0, 'Hadir'),
(8735, 169, '2025-01-21', '07:36:00', '17:00:00', 0, 'Hadir'),
(8736, 156, '2025-01-21', '07:53:00', '16:43:00', 0, 'Hadir'),
(8737, 164, '2025-01-21', '08:00:00', '17:00:00', 0, 'Hadir'),
(8738, 163, '2025-01-21', '08:04:00', '16:52:00', 0, 'Hadir'),
(8739, 155, '2025-01-21', '07:37:00', '16:37:00', 0, 'Hadir'),
(8740, 159, '2025-01-21', '08:27:00', '17:20:00', 0, 'Hadir'),
(8741, 161, '2025-01-21', '08:12:00', '16:42:00', 0, 'Hadir'),
(8742, 166, '2025-01-21', '08:06:00', '17:25:00', 42, 'Hadir'),
(8743, 168, '2025-01-21', '08:12:00', '17:17:00', 0, 'Hadir'),
(8744, 158, '2025-01-21', '07:46:00', '19:04:00', 96, 'Hadir'),
(8745, 157, '2025-01-21', '07:34:00', '18:28:00', 117, 'Hadir'),
(8746, 160, '2025-01-21', '08:18:00', '16:44:00', 0, 'Hadir'),
(8747, 165, '2025-01-21', '08:26:00', '17:30:00', 0, 'Hadir'),
(8748, 162, '2025-01-21', '07:39:00', '16:52:00', 0, 'Hadir'),
(8749, 167, '2025-01-22', '00:00:00', '00:00:00', 0, 'Alpha'),
(8750, 169, '2025-01-22', '07:32:00', '19:39:00', 151, 'Hadir'),
(8751, 156, '2025-01-22', '08:10:00', '17:43:00', 41, 'Hadir'),
(8752, 164, '2025-01-22', '07:56:00', '17:02:00', 0, 'Hadir'),
(8753, 163, '2025-01-22', '08:17:00', '16:33:00', 0, 'Hadir'),
(8754, 155, '2025-01-22', '07:52:00', '17:14:00', 0, 'Hadir'),
(8755, 159, '2025-01-22', '07:59:00', '16:34:00', 0, 'Hadir'),
(8756, 161, '2025-01-22', '08:23:00', '16:58:00', 0, 'Hadir'),
(8757, 166, '2025-01-22', '07:56:00', '17:09:00', 0, 'Hadir'),
(8758, 168, '2025-01-22', '08:25:00', '18:43:00', 73, 'Hadir'),
(8759, 158, '2025-01-22', '07:45:00', '16:39:00', 0, 'Hadir'),
(8760, 157, '2025-01-22', '07:56:00', '17:06:00', 0, 'Hadir'),
(8761, 160, '2025-01-22', '07:49:00', '16:36:00', 0, 'Hadir'),
(8762, 165, '2025-01-22', '07:48:00', '17:05:00', 0, 'Hadir'),
(8763, 162, '2025-01-22', '08:14:00', '16:44:00', 0, 'Hadir'),
(8764, 167, '2025-01-23', '07:32:00', '17:13:00', 0, 'Hadir'),
(8765, 169, '2025-01-23', '07:42:00', '18:02:00', 44, 'Hadir'),
(8766, 156, '2025-01-23', '07:34:00', '19:11:00', 108, 'Hadir'),
(8767, 164, '2025-01-23', '07:32:00', '16:30:00', 0, 'Hadir'),
(8768, 163, '2025-01-23', '07:56:00', '17:16:00', 0, 'Hadir'),
(8769, 155, '2025-01-23', '08:03:00', '16:42:00', 0, 'Hadir'),
(8770, 159, '2025-01-23', '08:14:00', '18:07:00', 71, 'Hadir'),
(8771, 161, '2025-01-23', '08:30:00', '16:45:00', 0, 'Hadir'),
(8772, 166, '2025-01-23', '07:58:00', '16:59:00', 0, 'Hadir'),
(8773, 168, '2025-01-23', '08:18:00', '16:33:00', 0, 'Hadir'),
(8774, 158, '2025-01-23', '07:33:00', '16:34:00', 0, 'Hadir'),
(8775, 157, '2025-01-23', '07:56:00', '18:00:00', 52, 'Hadir'),
(8776, 160, '2025-01-23', '07:55:00', '16:49:00', 0, 'Hadir'),
(8777, 165, '2025-01-23', '07:50:00', '19:33:00', 180, 'Hadir'),
(8778, 162, '2025-01-23', '07:34:00', '17:05:00', 0, 'Hadir'),
(8779, 167, '2025-01-24', '07:41:00', '17:05:00', 0, 'Hadir'),
(8780, 169, '2025-01-24', '08:27:00', '16:50:00', 0, 'Hadir'),
(8781, 156, '2025-01-24', '07:46:00', '19:37:00', 178, 'Hadir'),
(8782, 164, '2025-01-24', '07:48:00', '17:07:00', 0, 'Hadir'),
(8783, 163, '2025-01-24', '07:50:00', '16:30:00', 0, 'Hadir'),
(8784, 155, '2025-01-24', '08:18:00', '17:01:00', 0, 'Hadir'),
(8785, 159, '2025-01-24', '08:10:00', '16:51:00', 0, 'Hadir'),
(8786, 161, '2025-01-24', '07:37:00', '17:13:00', 0, 'Hadir'),
(8787, 166, '2025-01-24', '07:31:00', '19:59:00', 156, 'Hadir'),
(8788, 168, '2025-01-24', '07:30:00', '16:40:00', 0, 'Hadir'),
(8789, 158, '2025-01-24', '08:01:00', '18:57:00', 140, 'Hadir'),
(8790, 157, '2025-01-24', '08:22:00', '19:34:00', 178, 'Hadir'),
(8791, 160, '2025-01-24', '07:37:00', '16:45:00', 0, 'Hadir'),
(8792, 165, '2025-01-24', '08:10:00', '17:21:00', 0, 'Hadir'),
(8793, 162, '2025-01-24', '07:50:00', '19:08:00', 145, 'Hadir'),
(8794, 167, '2025-01-27', '07:54:00', '16:32:00', 0, 'Hadir'),
(8795, 169, '2025-01-27', '07:51:00', '17:27:00', 0, 'Hadir'),
(8796, 156, '2025-01-27', '07:38:00', '17:29:00', 0, 'Hadir'),
(8797, 164, '2025-01-27', '00:00:00', '00:00:00', 0, 'Alpha'),
(8798, 163, '2025-01-27', '07:47:00', '16:42:00', 0, 'Hadir'),
(8799, 155, '2025-01-27', '08:07:00', '17:19:00', 0, 'Hadir'),
(8800, 159, '2025-01-27', '07:47:00', '17:07:00', 0, 'Hadir'),
(8801, 161, '2025-01-27', '07:40:00', '17:11:00', 0, 'Hadir'),
(8802, 166, '2025-01-27', '08:28:00', '16:55:00', 0, 'Hadir'),
(8803, 168, '2025-01-27', '07:37:00', '17:08:00', 0, 'Hadir'),
(8804, 158, '2025-01-27', '07:46:00', '17:21:00', 0, 'Hadir'),
(8805, 157, '2025-01-27', '08:06:00', '17:19:00', 0, 'Hadir'),
(8806, 160, '2025-01-27', '08:10:00', '18:12:00', 58, 'Hadir'),
(8807, 165, '2025-01-27', '08:11:00', '17:26:00', 0, 'Hadir'),
(8808, 162, '2025-01-27', '00:00:00', '00:00:00', 0, 'Alpha'),
(8809, 167, '2025-01-28', '08:18:00', '16:55:00', 0, 'Hadir'),
(8810, 169, '2025-01-28', '08:13:00', '17:15:00', 0, 'Hadir'),
(8811, 156, '2025-01-28', '00:00:00', '00:00:00', 0, 'Alpha'),
(8812, 164, '2025-01-28', '08:18:00', '17:13:00', 0, 'Hadir'),
(8813, 163, '2025-01-28', '00:00:00', '00:00:00', 0, 'Alpha'),
(8814, 155, '2025-01-28', '08:27:00', '16:47:00', 0, 'Hadir'),
(8815, 159, '2025-01-28', '08:06:00', '16:41:00', 0, 'Hadir'),
(8816, 161, '2025-01-28', '08:12:00', '16:46:00', 0, 'Hadir'),
(8817, 166, '2025-01-28', '08:25:00', '16:41:00', 0, 'Hadir'),
(8818, 168, '2025-01-28', '08:09:00', '17:07:00', 0, 'Hadir'),
(8819, 158, '2025-01-28', '07:38:00', '17:15:00', 0, 'Hadir'),
(8820, 157, '2025-01-28', '08:16:00', '16:54:00', 0, 'Hadir'),
(8821, 160, '2025-01-28', '08:00:00', '18:17:00', 70, 'Hadir'),
(8822, 165, '2025-01-28', '07:57:00', '16:34:00', 0, 'Hadir'),
(8823, 162, '2025-01-28', '07:54:00', '17:12:00', 0, 'Hadir'),
(8824, 167, '2025-01-29', '07:48:00', '16:53:00', 0, 'Hadir'),
(8825, 169, '2025-01-29', '08:15:00', '17:09:00', 0, 'Hadir'),
(8826, 156, '2025-01-29', '08:10:00', '16:32:00', 0, 'Hadir'),
(8827, 164, '2025-01-29', '07:38:00', '17:27:00', 0, 'Hadir'),
(8828, 163, '2025-01-29', '07:41:00', '16:46:00', 0, 'Hadir'),
(8829, 155, '2025-01-29', '08:04:00', '17:08:00', 0, 'Hadir'),
(8830, 159, '2025-01-29', '07:45:00', '17:00:00', 0, 'Hadir'),
(8831, 161, '2025-01-29', '08:09:00', '17:15:00', 0, 'Hadir'),
(8832, 166, '2025-01-29', '07:48:00', '16:47:00', 0, 'Hadir'),
(8833, 168, '2025-01-29', '08:05:00', '17:23:00', 0, 'Hadir'),
(8834, 158, '2025-01-29', '08:03:00', '16:32:00', 0, 'Hadir'),
(8835, 157, '2025-01-29', '08:13:00', '16:45:00', 0, 'Hadir'),
(8836, 160, '2025-01-29', '08:26:00', '17:18:00', 39, 'Hadir'),
(8837, 165, '2025-01-29', '08:27:00', '17:57:00', 76, 'Hadir'),
(8838, 162, '2025-01-29', '00:00:00', '00:00:00', 0, 'Alpha'),
(8839, 167, '2025-01-30', '07:32:00', '17:03:00', 0, 'Hadir'),
(8840, 169, '2025-01-30', '08:00:00', '17:25:00', 0, 'Hadir'),
(8841, 156, '2025-01-30', '07:40:00', '16:50:00', 0, 'Hadir'),
(8842, 164, '2025-01-30', '07:34:00', '19:14:00', 131, 'Hadir'),
(8843, 163, '2025-01-30', '08:27:00', '16:41:00', 0, 'Hadir'),
(8844, 155, '2025-01-30', '08:11:00', '17:10:00', 0, 'Hadir'),
(8845, 159, '2025-01-30', '07:52:00', '16:37:00', 0, 'Hadir'),
(8846, 161, '2025-01-30', '08:03:00', '17:21:00', 0, 'Hadir'),
(8847, 166, '2025-01-30', '07:54:00', '16:43:00', 0, 'Hadir'),
(8848, 168, '2025-01-30', '08:16:00', '17:30:00', 0, 'Hadir'),
(8849, 158, '2025-01-30', '08:23:00', '16:32:00', 0, 'Hadir'),
(8850, 157, '2025-01-30', '08:23:00', '17:07:00', 0, 'Hadir'),
(8851, 160, '2025-01-30', '07:43:00', '17:18:00', 0, 'Hadir'),
(8852, 165, '2025-01-30', '08:21:00', '17:17:00', 0, 'Hadir'),
(8853, 162, '2025-01-30', '07:31:00', '17:15:00', 0, 'Hadir'),
(8854, 167, '2025-01-31', '08:05:00', '18:06:00', 94, 'Hadir'),
(8855, 169, '2025-01-31', '08:02:00', '17:16:00', 0, 'Hadir'),
(8856, 156, '2025-01-31', '08:17:00', '16:53:00', 0, 'Hadir'),
(8857, 164, '2025-01-31', '08:16:00', '17:08:00', 0, 'Hadir'),
(8858, 163, '2025-01-31', '08:14:00', '17:11:00', 0, 'Hadir'),
(8859, 155, '2025-01-31', '08:17:00', '17:10:00', 0, 'Hadir'),
(8860, 159, '2025-01-31', '07:57:00', '17:29:00', 0, 'Hadir'),
(8861, 161, '2025-01-31', '08:18:00', '17:18:00', 0, 'Hadir'),
(8862, 166, '2025-01-31', '07:53:00', '16:41:00', 0, 'Hadir'),
(8863, 168, '2025-01-31', '07:48:00', '16:57:00', 0, 'Hadir'),
(8864, 158, '2025-01-31', '08:25:00', '19:09:00', 111, 'Hadir'),
(8865, 157, '2025-01-31', '08:24:00', '19:31:00', 129, 'Hadir'),
(8866, 160, '2025-01-31', '08:23:00', '18:20:00', 94, 'Hadir'),
(8867, 165, '2025-01-31', '07:30:00', '16:59:00', 0, 'Hadir'),
(8868, 162, '2025-01-31', '08:30:00', '17:18:00', 0, 'Hadir'),
(8869, 167, '2025-02-03', '08:23:00', '17:20:00', 0, 'Hadir'),
(8870, 169, '2025-02-03', '07:50:00', '16:56:00', 0, 'Hadir'),
(8871, 156, '2025-02-03', '07:45:00', '16:44:00', 0, 'Hadir'),
(8872, 164, '2025-02-03', '07:38:00', '17:25:00', 0, 'Hadir'),
(8873, 163, '2025-02-03', '08:27:00', '16:40:00', 0, 'Hadir'),
(8874, 155, '2025-02-03', '07:47:00', '17:21:00', 0, 'Hadir'),
(8875, 159, '2025-02-03', '08:14:00', '17:28:00', 0, 'Hadir'),
(8876, 161, '2025-02-03', '08:01:00', '16:31:00', 0, 'Hadir'),
(8877, 166, '2025-02-03', '08:01:00', '20:22:00', 179, 'Hadir'),
(8878, 168, '2025-02-03', '08:20:00', '18:02:00', 72, 'Hadir'),
(8879, 158, '2025-02-03', '08:30:00', '16:55:00', 0, 'Hadir'),
(8880, 157, '2025-02-03', '08:27:00', '17:09:00', 0, 'Hadir'),
(8881, 160, '2025-02-03', '07:30:00', '17:20:00', 0, 'Hadir'),
(8882, 165, '2025-02-03', '08:20:00', '17:07:00', 0, 'Hadir'),
(8883, 162, '2025-02-03', '07:46:00', '17:22:00', 0, 'Hadir'),
(8884, 167, '2025-02-04', '08:07:00', '16:44:00', 0, 'Hadir'),
(8885, 169, '2025-02-04', '07:59:00', '17:03:00', 0, 'Hadir'),
(8886, 156, '2025-02-04', '08:01:00', '17:14:00', 0, 'Hadir'),
(8887, 164, '2025-02-04', '08:02:00', '16:55:00', 0, 'Hadir'),
(8888, 163, '2025-02-04', '08:12:00', '16:44:00', 0, 'Hadir'),
(8889, 155, '2025-02-04', '07:54:00', '17:06:00', 0, 'Hadir'),
(8890, 159, '2025-02-04', '07:42:00', '16:55:00', 0, 'Hadir'),
(8891, 161, '2025-02-04', '07:39:00', '16:35:00', 0, 'Hadir'),
(8892, 166, '2025-02-04', '07:35:00', '17:00:00', 0, 'Hadir'),
(8893, 168, '2025-02-04', '08:11:00', '16:36:00', 0, 'Hadir'),
(8894, 158, '2025-02-04', '00:00:00', '00:00:00', 0, 'Alpha'),
(8895, 157, '2025-02-04', '07:56:00', '19:19:00', 135, 'Hadir'),
(8896, 160, '2025-02-04', '07:59:00', '17:16:00', 0, 'Hadir'),
(8897, 165, '2025-02-04', '07:48:00', '17:05:00', 0, 'Hadir'),
(8898, 162, '2025-02-04', '08:15:00', '16:52:00', 0, 'Hadir'),
(8899, 167, '2025-02-05', '07:56:00', '17:17:00', 0, 'Hadir'),
(8900, 169, '2025-02-05', '07:52:00', '16:54:00', 0, 'Hadir'),
(8901, 156, '2025-02-05', '08:30:00', '16:55:00', 0, 'Hadir'),
(8902, 164, '2025-02-05', '07:57:00', '17:18:00', 0, 'Hadir'),
(8903, 163, '2025-02-05', '07:56:00', '19:14:00', 145, 'Hadir'),
(8904, 155, '2025-02-05', '07:53:00', '18:54:00', 140, 'Hadir'),
(8905, 159, '2025-02-05', '08:22:00', '17:12:00', 0, 'Hadir'),
(8906, 161, '2025-02-05', '07:49:00', '17:10:00', 0, 'Hadir'),
(8907, 166, '2025-02-05', '08:05:00', '17:00:00', 0, 'Hadir'),
(8908, 168, '2025-02-05', '08:08:00', '16:47:00', 0, 'Hadir'),
(8909, 158, '2025-02-05', '08:12:00', '16:30:00', 0, 'Hadir'),
(8910, 157, '2025-02-05', '08:13:00', '17:02:00', 0, 'Hadir'),
(8911, 160, '2025-02-05', '07:52:00', '17:10:00', 0, 'Hadir'),
(8912, 165, '2025-02-05', '08:09:00', '17:58:00', 60, 'Hadir'),
(8913, 162, '2025-02-05', '00:00:00', '00:00:00', 0, 'Alpha'),
(8914, 167, '2025-02-06', '07:44:00', '16:53:00', 0, 'Hadir'),
(8915, 169, '2025-02-06', '08:14:00', '17:56:00', 61, 'Hadir'),
(8916, 156, '2025-02-06', '07:39:00', '16:51:00', 0, 'Hadir'),
(8917, 164, '2025-02-06', '07:34:00', '16:43:00', 0, 'Hadir'),
(8918, 163, '2025-02-06', '07:37:00', '17:22:00', 0, 'Hadir'),
(8919, 155, '2025-02-06', '07:46:00', '16:47:00', 0, 'Hadir'),
(8920, 159, '2025-02-06', '08:00:00', '17:12:00', 0, 'Hadir'),
(8921, 161, '2025-02-06', '00:00:00', '00:00:00', 0, 'Alpha'),
(8922, 166, '2025-02-06', '07:48:00', '16:35:00', 0, 'Hadir'),
(8923, 168, '2025-02-06', '00:00:00', '00:00:00', 0, 'Alpha'),
(8924, 158, '2025-02-06', '07:30:00', '16:49:00', 0, 'Hadir'),
(8925, 157, '2025-02-06', '08:07:00', '19:12:00', 153, 'Hadir'),
(8926, 160, '2025-02-06', '07:50:00', '17:25:00', 0, 'Hadir'),
(8927, 165, '2025-02-06', '08:14:00', '16:56:00', 0, 'Hadir'),
(8928, 162, '2025-02-06', '08:03:00', '17:13:00', 0, 'Hadir'),
(8929, 167, '2025-02-07', '07:57:00', '17:23:00', 0, 'Hadir'),
(8930, 169, '2025-02-07', '07:49:00', '19:37:00', 168, 'Hadir'),
(8931, 156, '2025-02-07', '08:02:00', '17:25:00', 0, 'Hadir'),
(8932, 164, '2025-02-07', '07:44:00', '17:05:00', 0, 'Hadir'),
(8933, 163, '2025-02-07', '08:14:00', '17:11:00', 0, 'Hadir'),
(8934, 155, '2025-02-07', '08:21:00', '17:23:00', 0, 'Hadir'),
(8935, 159, '2025-02-07', '07:49:00', '17:19:00', 0, 'Hadir'),
(8936, 161, '2025-02-07', '08:03:00', '18:29:00', 75, 'Hadir'),
(8937, 166, '2025-02-07', '08:09:00', '17:04:00', 0, 'Hadir'),
(8938, 168, '2025-02-07', '08:16:00', '17:10:00', 0, 'Hadir'),
(8939, 158, '2025-02-07', '07:56:00', '16:33:00', 0, 'Hadir'),
(8940, 157, '2025-02-07', '00:00:00', '00:00:00', 0, 'Alpha'),
(8941, 160, '2025-02-07', '08:20:00', '16:44:00', 0, 'Hadir'),
(8942, 165, '2025-02-07', '08:04:00', '19:16:00', 125, 'Hadir'),
(8943, 162, '2025-02-07', '08:01:00', '17:24:00', 0, 'Hadir'),
(8944, 167, '2025-02-10', '00:00:00', '00:00:00', 0, 'Alpha'),
(8945, 169, '2025-02-10', '08:27:00', '19:16:00', 156, 'Hadir'),
(8946, 156, '2025-02-10', '07:43:00', '18:23:00', 110, 'Hadir'),
(8947, 164, '2025-02-10', '07:49:00', '16:39:00', 0, 'Hadir'),
(8948, 163, '2025-02-10', '08:16:00', '17:28:00', 0, 'Hadir'),
(8949, 155, '2025-02-10', '08:20:00', '17:01:00', 0, 'Hadir'),
(8950, 159, '2025-02-10', '08:24:00', '17:06:00', 0, 'Hadir'),
(8951, 161, '2025-02-10', '08:09:00', '17:45:00', 57, 'Hadir'),
(8952, 166, '2025-02-10', '07:55:00', '19:11:00', 116, 'Hadir'),
(8953, 168, '2025-02-10', '07:42:00', '16:42:00', 0, 'Hadir'),
(8954, 158, '2025-02-10', '08:21:00', '17:05:00', 0, 'Hadir'),
(8955, 157, '2025-02-10', '07:30:00', '17:05:00', 0, 'Hadir'),
(8956, 160, '2025-02-10', '08:04:00', '18:12:00', 51, 'Hadir'),
(8957, 165, '2025-02-10', '07:33:00', '17:23:00', 0, 'Hadir'),
(8958, 162, '2025-02-10', '08:23:00', '17:37:00', 37, 'Hadir'),
(8959, 167, '2025-02-11', '00:00:00', '00:00:00', 0, 'Alpha'),
(8960, 169, '2025-02-11', '08:02:00', '17:20:00', 0, 'Hadir'),
(8961, 156, '2025-02-11', '07:34:00', '17:10:00', 0, 'Hadir'),
(8962, 164, '2025-02-11', '08:17:00', '18:07:00', 88, 'Hadir'),
(8963, 163, '2025-02-11', '08:24:00', '17:04:00', 0, 'Hadir'),
(8964, 155, '2025-02-11', '07:50:00', '16:33:00', 0, 'Hadir'),
(8965, 159, '2025-02-11', '07:56:00', '17:41:00', 51, 'Hadir'),
(8966, 161, '2025-02-11', '08:05:00', '16:41:00', 0, 'Hadir'),
(8967, 166, '2025-02-11', '08:19:00', '17:28:00', 0, 'Hadir'),
(8968, 168, '2025-02-11', '08:23:00', '17:10:00', 0, 'Hadir'),
(8969, 158, '2025-02-11', '08:18:00', '16:56:00', 0, 'Hadir'),
(8970, 157, '2025-02-11', '07:47:00', '17:02:00', 0, 'Hadir'),
(8971, 160, '2025-02-11', '08:04:00', '17:22:00', 0, 'Hadir'),
(8972, 165, '2025-02-11', '08:15:00', '16:47:00', 0, 'Hadir'),
(8973, 162, '2025-02-11', '08:15:00', '16:34:00', 0, 'Hadir'),
(8974, 167, '2025-02-12', '07:35:00', '18:22:00', 88, 'Hadir'),
(8975, 169, '2025-02-12', '08:24:00', '17:17:00', 0, 'Hadir'),
(8976, 156, '2025-02-12', '07:56:00', '17:05:00', 0, 'Hadir'),
(8977, 164, '2025-02-12', '08:05:00', '17:10:00', 0, 'Hadir'),
(8978, 163, '2025-02-12', '07:54:00', '17:28:00', 0, 'Hadir'),
(8979, 155, '2025-02-12', '08:22:00', '17:25:00', 0, 'Hadir'),
(8980, 159, '2025-02-12', '00:00:00', '00:00:00', 0, 'Alpha'),
(8981, 161, '2025-02-12', '07:31:00', '16:44:00', 0, 'Hadir'),
(8982, 166, '2025-02-12', '07:43:00', '18:05:00', 86, 'Hadir'),
(8983, 168, '2025-02-12', '07:47:00', '16:47:00', 0, 'Hadir'),
(8984, 158, '2025-02-12', '07:38:00', '16:39:00', 0, 'Hadir'),
(8985, 157, '2025-02-12', '07:37:00', '17:08:00', 0, 'Hadir'),
(8986, 160, '2025-02-12', '07:31:00', '18:41:00', 118, 'Hadir'),
(8987, 165, '2025-02-12', '08:02:00', '16:37:00', 0, 'Hadir'),
(8988, 162, '2025-02-12', '08:02:00', '19:22:00', 140, 'Hadir'),
(8989, 167, '2025-02-13', '07:50:00', '19:52:00', 166, 'Hadir'),
(8990, 169, '2025-02-13', '08:06:00', '17:30:00', 0, 'Hadir'),
(8991, 156, '2025-02-13', '08:06:00', '16:52:00', 0, 'Hadir'),
(8992, 164, '2025-02-13', '07:51:00', '16:37:00', 0, 'Hadir'),
(8993, 163, '2025-02-13', '08:13:00', '19:26:00', 167, 'Hadir'),
(8994, 155, '2025-02-13', '08:02:00', '17:16:00', 0, 'Hadir'),
(8995, 159, '2025-02-13', '08:30:00', '17:38:00', 59, 'Hadir'),
(8996, 161, '2025-02-13', '07:59:00', '17:16:00', 0, 'Hadir'),
(8997, 166, '2025-02-13', '07:50:00', '18:10:00', 49, 'Hadir'),
(8998, 168, '2025-02-13', '08:29:00', '16:58:00', 0, 'Hadir'),
(8999, 158, '2025-02-13', '08:02:00', '17:05:00', 0, 'Hadir'),
(9000, 157, '2025-02-13', '07:39:00', '17:05:00', 0, 'Hadir'),
(9001, 160, '2025-02-13', '08:29:00', '17:33:00', 59, 'Hadir'),
(9002, 165, '2025-02-13', '08:27:00', '18:44:00', 75, 'Hadir'),
(9003, 162, '2025-02-13', '08:00:00', '17:17:00', 0, 'Hadir'),
(9004, 167, '2025-02-14', '08:08:00', '17:23:00', 0, 'Hadir'),
(9005, 169, '2025-02-14', '07:34:00', '17:29:00', 0, 'Hadir'),
(9006, 156, '2025-02-14', '07:44:00', '16:36:00', 0, 'Hadir'),
(9007, 164, '2025-02-14', '07:51:00', '17:29:00', 0, 'Hadir'),
(9008, 163, '2025-02-14', '08:27:00', '16:35:00', 0, 'Hadir'),
(9009, 155, '2025-02-14', '00:00:00', '00:00:00', 0, 'Alpha'),
(9010, 159, '2025-02-14', '08:29:00', '18:59:00', 101, 'Hadir'),
(9011, 161, '2025-02-14', '07:50:00', '17:23:00', 0, 'Hadir'),
(9012, 166, '2025-02-14', '08:10:00', '17:12:00', 0, 'Hadir'),
(9013, 168, '2025-02-14', '07:38:00', '16:55:00', 0, 'Hadir'),
(9014, 158, '2025-02-14', '08:04:00', '16:33:00', 0, 'Hadir'),
(9015, 157, '2025-02-14', '08:12:00', '17:08:00', 0, 'Hadir'),
(9016, 160, '2025-02-14', '07:43:00', '17:20:00', 0, 'Hadir'),
(9017, 165, '2025-02-14', '07:58:00', '17:29:00', 0, 'Hadir'),
(9018, 162, '2025-02-14', '07:34:00', '16:52:00', 0, 'Hadir'),
(9019, 167, '2025-02-17', '08:25:00', '16:58:00', 0, 'Hadir'),
(9020, 169, '2025-02-17', '08:17:00', '17:22:00', 0, 'Hadir'),
(9021, 156, '2025-02-17', '08:22:00', '17:28:00', 0, 'Hadir'),
(9022, 164, '2025-02-17', '08:10:00', '17:24:00', 0, 'Hadir'),
(9023, 163, '2025-02-17', '08:10:00', '17:02:00', 0, 'Hadir'),
(9024, 155, '2025-02-17', '07:57:00', '17:22:00', 0, 'Hadir'),
(9025, 159, '2025-02-17', '08:21:00', '16:49:00', 0, 'Hadir'),
(9026, 161, '2025-02-17', '08:13:00', '17:24:00', 0, 'Hadir'),
(9027, 166, '2025-02-17', '08:06:00', '17:02:00', 0, 'Hadir'),
(9028, 168, '2025-02-17', '08:25:00', '17:01:00', 0, 'Hadir'),
(9029, 158, '2025-02-17', '08:30:00', '17:23:00', 0, 'Hadir'),
(9030, 157, '2025-02-17', '07:47:00', '18:00:00', 67, 'Hadir'),
(9031, 160, '2025-02-17', '08:24:00', '16:51:00', 0, 'Hadir'),
(9032, 165, '2025-02-17', '07:38:00', '17:13:00', 0, 'Hadir'),
(9033, 162, '2025-02-17', '08:05:00', '19:26:00', 161, 'Hadir'),
(9034, 167, '2025-02-18', '08:07:00', '16:58:00', 0, 'Hadir'),
(9035, 169, '2025-02-18', '08:21:00', '16:58:00', 0, 'Hadir'),
(9036, 156, '2025-02-18', '08:22:00', '16:42:00', 0, 'Hadir'),
(9037, 164, '2025-02-18', '07:43:00', '18:27:00', 82, 'Hadir'),
(9038, 163, '2025-02-18', '07:37:00', '17:00:00', 0, 'Hadir'),
(9039, 155, '2025-02-18', '08:24:00', '18:36:00', 92, 'Hadir'),
(9040, 159, '2025-02-18', '08:19:00', '19:26:00', 134, 'Hadir'),
(9041, 161, '2025-02-18', '07:30:00', '16:41:00', 0, 'Hadir'),
(9042, 166, '2025-02-18', '08:10:00', '16:31:00', 0, 'Hadir'),
(9043, 168, '2025-02-18', '07:42:00', '17:02:00', 0, 'Hadir'),
(9044, 158, '2025-02-18', '08:10:00', '18:01:00', 46, 'Hadir'),
(9045, 157, '2025-02-18', '08:11:00', '16:40:00', 0, 'Hadir'),
(9046, 160, '2025-02-18', '08:18:00', '19:57:00', 152, 'Hadir'),
(9047, 165, '2025-02-18', '07:34:00', '17:10:00', 0, 'Hadir'),
(9048, 162, '2025-02-18', '08:09:00', '16:41:00', 0, 'Hadir'),
(9049, 167, '2025-02-19', '08:03:00', '16:50:00', 0, 'Hadir'),
(9050, 169, '2025-02-19', '08:07:00', '16:59:00', 0, 'Hadir'),
(9051, 156, '2025-02-19', '07:36:00', '16:54:00', 0, 'Hadir'),
(9052, 164, '2025-02-19', '07:58:00', '17:00:00', 0, 'Hadir'),
(9053, 163, '2025-02-19', '07:36:00', '16:32:00', 0, 'Hadir'),
(9054, 155, '2025-02-19', '07:36:00', '18:46:00', 123, 'Hadir'),
(9055, 159, '2025-02-19', '08:06:00', '17:24:00', 0, 'Hadir'),
(9056, 161, '2025-02-19', '08:16:00', '16:52:00', 0, 'Hadir'),
(9057, 166, '2025-02-19', '08:23:00', '16:47:00', 0, 'Hadir'),
(9058, 168, '2025-02-19', '07:39:00', '18:18:00', 57, 'Hadir'),
(9059, 158, '2025-02-19', '08:11:00', '17:13:00', 0, 'Hadir'),
(9060, 157, '2025-02-19', '08:28:00', '16:39:00', 0, 'Hadir'),
(9061, 160, '2025-02-19', '08:23:00', '17:25:00', 0, 'Hadir'),
(9062, 165, '2025-02-19', '07:31:00', '16:30:00', 0, 'Hadir'),
(9063, 162, '2025-02-19', '08:21:00', '16:54:00', 0, 'Hadir'),
(9064, 167, '2025-02-20', '08:00:00', '16:33:00', 0, 'Hadir'),
(9065, 169, '2025-02-20', '07:34:00', '17:08:00', 0, 'Hadir'),
(9066, 156, '2025-02-20', '08:22:00', '16:53:00', 0, 'Hadir'),
(9067, 164, '2025-02-20', '07:32:00', '20:03:00', 154, 'Hadir'),
(9068, 163, '2025-02-20', '08:30:00', '18:22:00', 61, 'Hadir'),
(9069, 155, '2025-02-20', '08:00:00', '17:20:00', 0, 'Hadir'),
(9070, 159, '2025-02-20', '00:00:00', '00:00:00', 0, 'Alpha'),
(9071, 161, '2025-02-20', '00:00:00', '00:00:00', 0, 'Alpha'),
(9072, 166, '2025-02-20', '07:57:00', '16:50:00', 0, 'Hadir'),
(9073, 168, '2025-02-20', '07:31:00', '17:12:00', 0, 'Hadir'),
(9074, 158, '2025-02-20', '08:22:00', '18:37:00', 108, 'Hadir'),
(9075, 157, '2025-02-20', '07:57:00', '17:04:00', 0, 'Hadir'),
(9076, 160, '2025-02-20', '07:50:00', '19:06:00', 146, 'Hadir'),
(9077, 165, '2025-02-20', '07:32:00', '16:54:00', 0, 'Hadir'),
(9078, 162, '2025-02-20', '08:05:00', '20:07:00', 164, 'Hadir'),
(9079, 167, '2025-02-21', '08:05:00', '16:51:00', 0, 'Hadir'),
(9080, 169, '2025-02-21', '08:25:00', '17:00:00', 0, 'Hadir'),
(9081, 156, '2025-02-21', '07:50:00', '18:36:00', 82, 'Hadir'),
(9082, 164, '2025-02-21', '07:52:00', '17:24:00', 0, 'Hadir'),
(9083, 163, '2025-02-21', '07:35:00', '16:34:00', 0, 'Hadir'),
(9084, 155, '2025-02-21', '07:45:00', '16:45:00', 0, 'Hadir'),
(9085, 159, '2025-02-21', '08:27:00', '16:54:00', 0, 'Hadir'),
(9086, 161, '2025-02-21', '08:09:00', '16:48:00', 0, 'Hadir'),
(9087, 166, '2025-02-21', '07:57:00', '19:39:00', 135, 'Hadir'),
(9088, 168, '2025-02-21', '07:36:00', '17:19:00', 0, 'Hadir'),
(9089, 158, '2025-02-21', '08:09:00', '18:06:00', 58, 'Hadir'),
(9090, 157, '2025-02-21', '07:52:00', '17:06:00', 0, 'Hadir'),
(9091, 160, '2025-02-21', '08:23:00', '16:36:00', 0, 'Hadir'),
(9092, 165, '2025-02-21', '08:29:00', '17:17:00', 0, 'Hadir'),
(9093, 162, '2025-02-21', '08:16:00', '18:21:00', 108, 'Hadir'),
(9094, 167, '2025-02-24', '07:56:00', '17:03:00', 0, 'Hadir'),
(9095, 169, '2025-02-24', '07:39:00', '16:50:00', 0, 'Hadir'),
(9096, 156, '2025-02-24', '08:20:00', '19:21:00', 125, 'Hadir'),
(9097, 164, '2025-02-24', '08:26:00', '16:44:00', 0, 'Hadir'),
(9098, 163, '2025-02-24', '00:00:00', '00:00:00', 0, 'Alpha'),
(9099, 155, '2025-02-24', '07:41:00', '18:43:00', 74, 'Hadir'),
(9100, 159, '2025-02-24', '07:33:00', '16:42:00', 0, 'Hadir'),
(9101, 161, '2025-02-24', '07:58:00', '19:19:00', 138, 'Hadir'),
(9102, 166, '2025-02-24', '00:00:00', '00:00:00', 0, 'Alpha'),
(9103, 168, '2025-02-24', '08:19:00', '16:55:00', 0, 'Hadir'),
(9104, 158, '2025-02-24', '07:32:00', '19:21:00', 147, 'Hadir'),
(9105, 157, '2025-02-24', '08:17:00', '17:22:00', 0, 'Hadir'),
(9106, 160, '2025-02-24', '07:30:00', '17:06:00', 0, 'Hadir'),
(9107, 165, '2025-02-24', '08:26:00', '17:19:00', 0, 'Hadir'),
(9108, 162, '2025-02-24', '07:51:00', '17:17:00', 43, 'Hadir'),
(9109, 167, '2025-02-25', '07:59:00', '17:01:00', 0, 'Hadir'),
(9110, 169, '2025-02-25', '08:21:00', '17:29:00', 0, 'Hadir'),
(9111, 156, '2025-02-25', '07:35:00', '16:46:00', 0, 'Hadir'),
(9112, 164, '2025-02-25', '07:59:00', '17:18:00', 0, 'Hadir'),
(9113, 163, '2025-02-25', '07:42:00', '16:32:00', 0, 'Hadir'),
(9114, 155, '2025-02-25', '08:29:00', '16:59:00', 0, 'Hadir'),
(9115, 159, '2025-02-25', '07:40:00', '16:54:00', 0, 'Hadir'),
(9116, 161, '2025-02-25', '07:57:00', '17:03:00', 0, 'Hadir'),
(9117, 166, '2025-02-25', '07:57:00', '16:40:00', 0, 'Hadir'),
(9118, 168, '2025-02-25', '08:17:00', '16:46:00', 0, 'Hadir'),
(9119, 158, '2025-02-25', '08:21:00', '16:59:00', 0, 'Hadir'),
(9120, 157, '2025-02-25', '07:57:00', '17:45:00', 41, 'Hadir'),
(9121, 160, '2025-02-25', '08:09:00', '17:15:00', 0, 'Hadir'),
(9122, 165, '2025-02-25', '08:03:00', '16:34:00', 0, 'Hadir'),
(9123, 162, '2025-02-25', '08:04:00', '17:18:00', 31, 'Hadir'),
(9124, 167, '2025-02-26', '07:44:00', '17:03:00', 0, 'Hadir'),
(9125, 169, '2025-02-26', '07:59:00', '17:06:00', 0, 'Hadir'),
(9126, 156, '2025-02-26', '00:00:00', '00:00:00', 0, 'Alpha'),
(9127, 164, '2025-02-26', '07:53:00', '17:17:00', 0, 'Hadir'),
(9128, 163, '2025-02-26', '07:40:00', '17:27:00', 0, 'Hadir'),
(9129, 155, '2025-02-26', '08:26:00', '16:31:00', 0, 'Hadir'),
(9130, 159, '2025-02-26', '08:15:00', '17:34:00', 32, 'Hadir'),
(9131, 161, '2025-02-26', '08:23:00', '16:46:00', 0, 'Hadir'),
(9132, 166, '2025-02-26', '07:55:00', '17:17:00', 0, 'Hadir'),
(9133, 168, '2025-02-26', '07:30:00', '16:51:00', 0, 'Hadir'),
(9134, 158, '2025-02-26', '07:59:00', '17:22:00', 0, 'Hadir'),
(9135, 157, '2025-02-26', '08:21:00', '17:15:00', 0, 'Hadir'),
(9136, 160, '2025-02-26', '07:53:00', '17:46:00', 61, 'Hadir'),
(9137, 165, '2025-02-26', '07:48:00', '17:08:00', 0, 'Hadir'),
(9138, 162, '2025-02-26', '07:52:00', '17:16:00', 0, 'Hadir'),
(9139, 167, '2025-02-27', '08:15:00', '18:47:00', 127, 'Hadir'),
(9140, 169, '2025-02-27', '08:18:00', '18:57:00', 113, 'Hadir'),
(9141, 156, '2025-02-27', '08:11:00', '16:32:00', 0, 'Hadir'),
(9142, 164, '2025-02-27', '08:29:00', '19:50:00', 158, 'Hadir'),
(9143, 163, '2025-02-27', '07:45:00', '17:12:00', 0, 'Hadir'),
(9144, 155, '2025-02-27', '07:34:00', '19:11:00', 110, 'Hadir'),
(9145, 159, '2025-02-27', '07:55:00', '16:56:00', 0, 'Hadir'),
(9146, 161, '2025-02-27', '08:20:00', '17:26:00', 0, 'Hadir'),
(9147, 166, '2025-02-27', '07:52:00', '17:13:00', 0, 'Hadir'),
(9148, 168, '2025-02-27', '08:11:00', '17:06:00', 0, 'Hadir'),
(9149, 158, '2025-02-27', '07:55:00', '18:02:00', 71, 'Hadir'),
(9150, 157, '2025-02-27', '08:21:00', '19:14:00', 115, 'Hadir'),
(9151, 160, '2025-02-27', '08:28:00', '16:47:00', 0, 'Hadir'),
(9152, 165, '2025-02-27', '07:31:00', '17:29:00', 0, 'Hadir'),
(9153, 162, '2025-02-27', '07:54:00', '17:16:00', 0, 'Hadir');

-- --------------------------------------------------------

--
-- Table structure for table `tb_gaji`
--

CREATE TABLE `tb_gaji` (
  `id` int(11) NOT NULL,
  `karyawan_id` int(11) NOT NULL,
  `periode` varchar(7) NOT NULL,
  `gaji_pokok` int(11) NOT NULL,
  `gaji_lembur` int(11) NOT NULL,
  `gaji_total` int(11) DEFAULT NULL,
  `total_lembur` int(11) DEFAULT 0,
  `status` enum('PENDING','DISETUJUI','DITOLAK') NOT NULL DEFAULT 'PENDING'
) ENGINE=InnoDB DEFAULT CHARSET=utf8mb4 COLLATE=utf8mb4_unicode_ci;

--
-- Dumping data for table `tb_gaji`
--

INSERT INTO `tb_gaji` (`id`, `karyawan_id`, `periode`, `gaji_pokok`, `gaji_lembur`, `gaji_total`, `total_lembur`, `status`) VALUES
(697, 155, '2024-10', 22000000, 69167, 22069167, 83, 'DISETUJUI'),
(698, 155, '2024-11', 22000000, 214167, 22214167, 257, 'PENDING'),
(699, 155, '2024-12', 22000000, 213333, 22213333, 256, 'PENDING'),
(700, 155, '2025-01', 22000000, 106667, 22106667, 128, 'PENDING'),
(701, 155, '2025-02', 22000000, 449167, 22449167, 539, 'PENDING'),
(702, 156, '2024-10', 5000000, 0, 5000000, 0, 'PENDING'),
(703, 156, '2024-11', 5000000, 339167, 5339167, 407, 'PENDING'),
(704, 156, '2024-12', 5000000, 298333, 5298333, 358, 'PENDING'),
(705, 156, '2025-01', 5000000, 495000, 5495000, 594, 'PENDING'),
(706, 156, '2025-02', 5000000, 264167, 5264167, 317, 'PENDING'),
(707, 157, '2024-10', 5500000, 0, 5500000, 0, 'PENDING'),
(708, 157, '2024-11', 5500000, 142500, 5642500, 171, 'PENDING'),
(709, 157, '2024-12', 5500000, 272500, 5772500, 327, 'PENDING'),
(710, 157, '2025-01', 5500000, 643333, 6143333, 772, 'PENDING'),
(711, 157, '2025-02', 5500000, 425833, 5925833, 511, 'PENDING'),
(712, 158, '2024-10', 22000000, 0, 22000000, 0, 'PENDING'),
(713, 158, '2024-11', 22000000, 170833, 22170833, 205, 'PENDING'),
(714, 158, '2024-12', 22000000, 200833, 22200833, 241, 'PENDING'),
(715, 158, '2025-01', 22000000, 289167, 22289167, 347, 'PENDING'),
(716, 158, '2025-02', 22000000, 358333, 22358333, 430, 'PENDING'),
(717, 159, '2024-10', 7500000, 0, 7500000, 0, 'PENDING'),
(718, 159, '2024-11', 7500000, 196667, 7696667, 236, 'PENDING'),
(719, 159, '2024-12', 7500000, 452500, 7952500, 543, 'PENDING'),
(720, 159, '2025-01', 7500000, 278333, 7778333, 334, 'PENDING'),
(721, 159, '2025-02', 7500000, 314167, 7814167, 377, 'PENDING'),
(722, 160, '2024-10', 25000000, 0, 25000000, 0, 'PENDING'),
(723, 160, '2024-11', 25000000, 467500, 25467500, 561, 'PENDING'),
(724, 160, '2024-12', 25000000, 408333, 25408333, 490, 'PENDING'),
(725, 160, '2025-01', 25000000, 650000, 25650000, 780, 'PENDING'),
(726, 160, '2025-02', 25000000, 489167, 25489167, 587, 'PENDING'),
(727, 161, '2024-10', 40000000, 149167, 40149167, 179, 'DISETUJUI'),
(728, 161, '2024-11', 40000000, 105833, 40105833, 127, 'PENDING'),
(729, 161, '2024-12', 40000000, 474167, 40474167, 569, 'PENDING'),
(730, 161, '2025-01', 40000000, 240833, 40240833, 289, 'PENDING'),
(731, 161, '2025-02', 40000000, 225000, 40225000, 270, 'PENDING'),
(732, 162, '2024-10', 10000000, 0, 10000000, 0, 'PENDING'),
(733, 162, '2024-11', 10000000, 449167, 10449167, 539, 'PENDING'),
(734, 162, '2024-12', 10000000, 203333, 10203333, 244, 'PENDING'),
(735, 162, '2025-01', 10000000, 212500, 10212500, 255, 'PENDING'),
(736, 162, '2025-02', 10000000, 570000, 10570000, 684, 'PENDING'),
(737, 163, '2024-10', 80000000, 0, 80000000, 0, 'PENDING'),
(738, 163, '2024-11', 80000000, 280833, 80280833, 337, 'PENDING'),
(739, 163, '2024-12', 80000000, 245000, 80245000, 294, 'PENDING'),
(740, 163, '2025-01', 80000000, 360000, 80360000, 432, 'PENDING'),
(741, 163, '2025-02', 80000000, 310833, 80310833, 373, 'PENDING'),
(742, 164, '2024-10', 10000000, 0, 10000000, 0, 'PENDING'),
(743, 164, '2024-11', 10000000, 590000, 10590000, 708, 'PENDING'),
(744, 164, '2024-12', 10000000, 474167, 10474167, 569, 'PENDING'),
(745, 164, '2025-01', 10000000, 447500, 10447500, 537, 'PENDING'),
(746, 164, '2025-02', 10000000, 401667, 10401667, 482, 'PENDING'),
(747, 165, '2024-10', 6500000, 0, 6500000, 0, 'PENDING'),
(748, 165, '2024-11', 6500000, 387500, 6887500, 465, 'PENDING'),
(749, 165, '2024-12', 6500000, 604167, 7104167, 725, 'PENDING'),
(750, 165, '2025-01', 6500000, 518333, 7018333, 622, 'PENDING'),
(751, 165, '2025-02', 6500000, 216667, 6716667, 260, 'PENDING'),
(752, 166, '2024-10', 5500000, 0, 5500000, 0, 'PENDING'),
(753, 166, '2024-11', 5500000, 333333, 5833333, 400, 'PENDING'),
(754, 166, '2024-12', 5500000, 296667, 5796667, 356, 'PENDING'),
(755, 166, '2025-01', 5500000, 385000, 5885000, 462, 'PENDING'),
(756, 166, '2025-02', 5500000, 470833, 5970833, 565, 'PENDING'),
(757, 167, '2024-10', 20000000, 48333, 20048333, 58, 'PENDING'),
(758, 167, '2024-11', 20000000, 612500, 20612500, 735, 'PENDING'),
(759, 167, '2024-12', 20000000, 227500, 20227500, 273, 'PENDING'),
(760, 167, '2025-01', 20000000, 329167, 20329167, 395, 'PENDING'),
(761, 167, '2025-02', 20000000, 317500, 20317500, 381, 'PENDING'),
(762, 168, '2024-10', 8000000, 50833, 8050833, 61, 'PENDING'),
(763, 168, '2024-11', 8000000, 149167, 8149167, 179, 'PENDING'),
(764, 168, '2024-12', 8000000, 295000, 8295000, 354, 'PENDING'),
(765, 168, '2025-01', 8000000, 169167, 8169167, 203, 'PENDING'),
(766, 168, '2025-02', 8000000, 107500, 8107500, 129, 'PENDING'),
(767, 169, '2024-10', 15000000, 0, 15000000, 0, 'PENDING'),
(768, 169, '2024-11', 15000000, 341667, 15341667, 410, 'PENDING'),
(769, 169, '2024-12', 15000000, 416667, 15416667, 500, 'PENDING'),
(770, 169, '2025-01', 15000000, 600000, 15600000, 720, 'PENDING'),
(771, 169, '2025-02', 15000000, 415000, 15415000, 498, 'PENDING');

-- --------------------------------------------------------

--
-- Table structure for table `tb_jabatan`
--

CREATE TABLE `tb_jabatan` (
  `id` int(11) NOT NULL,
  `jabatan` varchar(50) NOT NULL,
  `gaji` int(11) NOT NULL
) ENGINE=InnoDB DEFAULT CHARSET=utf8mb4 COLLATE=utf8mb4_unicode_ci;

--
-- Dumping data for table `tb_jabatan`
--

INSERT INTO `tb_jabatan` (`id`, `jabatan`, `gaji`) VALUES
(20, 'Direktur Utama', 100000000),
(21, 'Direktur Operasional', 80000000),
(22, 'General Manager (GM)', 60000000),
(23, 'Manager Departemen', 40000000),
(24, 'Supervisor Tambang', 20000000),
(25, 'Geologis', 25000000),
(26, 'Insinyur Pertambangan', 22000000),
(27, 'Surveyor Tambang', 15000000),
(28, 'Quality Control (QC)', 12000000),
(29, 'Operator Alat Berat', 10000000),
(30, 'Driller & Blaster', 9000000),
(31, 'Teknisi Mekanik', 8500000),
(32, 'Welder (Tukang Las)', 8000000),
(33, 'Helper Tambang', 7000000),
(34, 'Staff Administrasi', 6500000),
(35, 'HRD & Payroll', 7500000),
(36, 'Keamanan (Security)', 5500000),
(37, 'Petugas Kebersihan & Catering', 5000000);

-- --------------------------------------------------------

--
-- Table structure for table `tb_karyawan`
--

CREATE TABLE `tb_karyawan` (
  `id` int(11) NOT NULL,
  `nama` varchar(100) NOT NULL,
  `nik` varchar(50) NOT NULL,
  `tanggal_lahir` date NOT NULL,
  `alamat` text NOT NULL,
  `id_jabatan` int(11) NOT NULL
) ENGINE=InnoDB DEFAULT CHARSET=utf8mb4 COLLATE=utf8mb4_unicode_ci;

--
-- Dumping data for table `tb_karyawan`
--

INSERT INTO `tb_karyawan` (`id`, `nama`, `nik`, `tanggal_lahir`, `alamat`, `id_jabatan`) VALUES
(155, 'R.M. Wardaya Gunarto, S.I.Kom', '4797667847657686', '1982-08-21', 'Jl. Dipatiukur No. 892\nBinjai, SR 65018', 26),
(156, 'Indah Suryono', '1780437031917782', '1971-03-24', 'Gang Kebonjati No. 71\nPadang, SN 35930', 37),
(157, 'Daruna Mandasari', '8862344852010992', '1986-08-12', 'Jalan Pasir Koja No. 45\nTangerang, LA 45019', 36),
(158, 'Hafshah Suryono', '8366877432974831', '1975-08-04', 'Gang Bangka Raya No. 41\nPematangsiantar, JI 09229', 26),
(159, 'Vera Uwais', '5331281198029916', '1973-04-16', 'Gg. Monginsidi No. 2\nSawahlunto, Kalimantan Selatan 03028', 35),
(160, 'H. Sidiq Halim, S.E.', '9210142938937480', '2006-08-19', 'Jl. Astana Anyar No. 746\nMedan, Aceh 69574', 25),
(161, 'Dalima Mardhiyah', '5419499803241201', '1979-05-13', 'Gang Rajawali Timur No. 50\nPalangkaraya, JB 51634', 23),
(162, 'Tgk. Fathonah Waluyo', '9729964562227348', '1976-05-28', 'Gang Ciumbuleuit No. 06\nPekanbaru, YO 44991', 29),
(163, 'Suci Hartati', '3036000995529341', '1984-01-10', 'Gg. Kebonjati No. 40\nCirebon, Jambi 55335', 21),
(164, 'Jamalia Purnawati', '2491200172817689', '1971-10-16', 'Jalan Peta No. 38\nBitung, JI 90621', 29),
(165, 'Ganda Lazuardi, M.TI.', '9436457644674541', '1963-12-21', 'Gg. Cikutra Barat No. 5\nTomohon, ST 52126', 34),
(166, 'Kezia Firgantoro', '5477355310578372', '1959-02-28', 'Gang Indragiri No. 280\nJambi, JI 49561', 36),
(167, 'Sutan Raihan Budiman, S.Pd', '1590955695162556', '2001-12-19', 'Gang W.R. Supratman No. 14\nSurakarta, DI Yogyakarta 76329', 24),
(168, 'Hasna Lestari', '7137676782254311', '1994-08-26', 'Jalan M.H Thamrin No. 351\nTangerang Selatan, SU 10340', 32),
(169, 'Maria Damanik, M.Kom.', '1739857628188285', '2004-06-23', 'Gg. Pasir Koja No. 420\nPasuruan, NB 16361', 27),
(170, 'Akmal', '10101010', '2006-05-04', 'Bombana', 29);

-- --------------------------------------------------------

--
-- Table structure for table `tb_pengaturan`
--

CREATE TABLE `tb_pengaturan` (
  `jam_masuk` time NOT NULL,
  `jam_keluar` time NOT NULL,
  `latitude` decimal(9,6) NOT NULL,
  `longitude` decimal(9,6) NOT NULL,
  `gaji_lembur` int(11) DEFAULT NULL
) ENGINE=InnoDB DEFAULT CHARSET=utf8mb4 COLLATE=utf8mb4_general_ci;

--
-- Dumping data for table `tb_pengaturan`
--

INSERT INTO `tb_pengaturan` (`jam_masuk`, `jam_keluar`, `latitude`, `longitude`, `gaji_lembur`) VALUES
('06:00:00', '18:00:00', -4.344073, 121.581054, 50000);

-- --------------------------------------------------------

--
-- Table structure for table `tb_users`
--

CREATE TABLE `tb_users` (
  `id` int(11) NOT NULL,
  `username` varchar(50) NOT NULL,
  `password` varchar(255) NOT NULL,
  `name` varchar(100) NOT NULL,
  `email` varchar(100) DEFAULT NULL,
  `role` enum('HRD','KEUANGAN','PIMPINAN','KARYAWAN') NOT NULL,
  `created_at` timestamp NULL DEFAULT current_timestamp()
) ENGINE=InnoDB DEFAULT CHARSET=utf8mb4 COLLATE=utf8mb4_unicode_ci;

--
-- Dumping data for table `tb_users`
--

INSERT INTO `tb_users` (`id`, `username`, `password`, `name`, `email`, `role`, `created_at`) VALUES
(1, 'hrd_user', '$2y$10$ghHa5eVSoTDW7WP6Yl4Vuuw4.gCOxRWXEpADTk5DsFKIimOfT2JMa', 'HRD', 'hrd@example.com', 'HRD', '2025-01-11 22:55:54'),
(2, 'keuangan_user', '$2y$10$ghHa5eVSoTDW7WP6Yl4Vuuw4.gCOxRWXEpADTk5DsFKIimOfT2JMa', 'Keuangan', 'keuangan@example.com', 'KEUANGAN', '2025-01-11 22:56:07'),
(3, 'pimpinan_user', '$2y$10$ghHa5eVSoTDW7WP6Yl4Vuuw4.gCOxRWXEpADTk5DsFKIimOfT2JMa', 'Pimpinan', 'pimpinan@example.com', 'PIMPINAN', '2025-01-11 22:56:15'),
(52, '1113756122052501', '$2y$10$ghHa5eVSoTDW7WP6Yl4Vuuw4.gCOxRWXEpADTk5DsFKIimOfT2JMa', 'Eli Wijaya', NULL, 'KARYAWAN', '2025-02-01 10:09:13'),
(53, '1901083092054966', '$2y$10$ghHa5eVSoTDW7WP6Yl4Vuuw4.gCOxRWXEpADTk5DsFKIimOfT2JMa', 'Reza Maheswara', NULL, 'KARYAWAN', '2025-02-01 10:09:13'),
(54, '7820178728029543', '$2y$10$ghHa5eVSoTDW7WP6Yl4Vuuw4.gCOxRWXEpADTk5DsFKIimOfT2JMa', 'drg. Zamira Salahudin, S.T.', NULL, 'KARYAWAN', '2025-02-01 10:09:13'),
(55, '4575650901371277', '$2y$10$ghHa5eVSoTDW7WP6Yl4Vuuw4.gCOxRWXEpADTk5DsFKIimOfT2JMa', 'Juli Firgantoro, S.I.Kom', NULL, 'KARYAWAN', '2025-02-01 10:09:13'),
(56, '1817781856554201', '$2y$10$ghHa5eVSoTDW7WP6Yl4Vuuw4.gCOxRWXEpADTk5DsFKIimOfT2JMa', 'Ikin Safitri', NULL, 'KARYAWAN', '2025-02-01 10:09:13'),
(57, '5037178734486011', '$2y$10$ghHa5eVSoTDW7WP6Yl4Vuuw4.gCOxRWXEpADTk5DsFKIimOfT2JMa', 'Dimas Padmasari', NULL, 'KARYAWAN', '2025-02-01 10:09:13'),
(58, '2962027249209348', '$2y$10$ghHa5eVSoTDW7WP6Yl4Vuuw4.gCOxRWXEpADTk5DsFKIimOfT2JMa', 'Drs. Dian Widodo, S.Psi', NULL, 'KARYAWAN', '2025-02-01 10:09:13'),
(59, '7022151289456558', '$2y$10$ghHa5eVSoTDW7WP6Yl4Vuuw4.gCOxRWXEpADTk5DsFKIimOfT2JMa', 'Yunita Mandala', NULL, 'KARYAWAN', '2025-02-01 10:09:13'),
(60, '7393126250278563', '$2y$10$ghHa5eVSoTDW7WP6Yl4Vuuw4.gCOxRWXEpADTk5DsFKIimOfT2JMa', 'R. Vanya Saragih, S.Gz', NULL, 'KARYAWAN', '2025-02-01 10:09:13'),
(61, '1869335902169333', '$2y$10$ghHa5eVSoTDW7WP6Yl4Vuuw4.gCOxRWXEpADTk5DsFKIimOfT2JMa', 'Padma Mustofa', NULL, 'KARYAWAN', '2025-02-01 10:09:13'),
(62, '8991418179865440', '$2y$10$ghHa5eVSoTDW7WP6Yl4Vuuw4.gCOxRWXEpADTk5DsFKIimOfT2JMa', 'Dalima Pranowo', NULL, 'KARYAWAN', '2025-02-01 10:09:13'),
(63, '8237554104890837', '$2y$10$ghHa5eVSoTDW7WP6Yl4Vuuw4.gCOxRWXEpADTk5DsFKIimOfT2JMa', 'Sarah Gunarto', NULL, 'KARYAWAN', '2025-02-01 10:09:13'),
(64, '6811283710032941', '$2y$10$ghHa5eVSoTDW7WP6Yl4Vuuw4.gCOxRWXEpADTk5DsFKIimOfT2JMa', 'Dodo Simanjuntak, S.T.', NULL, 'KARYAWAN', '2025-02-01 10:09:13'),
(65, '6114710248492531', '$2y$10$ghHa5eVSoTDW7WP6Yl4Vuuw4.gCOxRWXEpADTk5DsFKIimOfT2JMa', 'Raisa Salahudin', NULL, 'KARYAWAN', '2025-02-01 10:09:13'),
(66, '8920441208086291', '$2y$10$ghHa5eVSoTDW7WP6Yl4Vuuw4.gCOxRWXEpADTk5DsFKIimOfT2JMa', 'Tgk. Vanesa Handayani', NULL, 'KARYAWAN', '2025-02-01 10:09:13'),
(67, '5750723496530464', '$2y$10$ghHa5eVSoTDW7WP6Yl4Vuuw4.gCOxRWXEpADTk5DsFKIimOfT2JMa', 'Oskar Padmasari', NULL, 'KARYAWAN', '2025-02-01 10:09:13'),
(68, '8785851558325925', '$2y$10$ghHa5eVSoTDW7WP6Yl4Vuuw4.gCOxRWXEpADTk5DsFKIimOfT2JMa', 'Tgk. Enteng Gunawan', NULL, 'KARYAWAN', '2025-02-01 10:09:13'),
(69, '4554937555001597', '$2y$10$ghHa5eVSoTDW7WP6Yl4Vuuw4.gCOxRWXEpADTk5DsFKIimOfT2JMa', 'Cut Sari Waskita', NULL, 'KARYAWAN', '2025-02-01 10:09:13'),
(70, '5981397530053751', '$2y$10$ghHa5eVSoTDW7WP6Yl4Vuuw4.gCOxRWXEpADTk5DsFKIimOfT2JMa', 'Ajimin Lazuardi', NULL, 'KARYAWAN', '2025-02-01 10:09:13'),
(71, '6085095101180096', '$2y$10$ghHa5eVSoTDW7WP6Yl4Vuuw4.gCOxRWXEpADTk5DsFKIimOfT2JMa', 'Martani Utami, M.M.', NULL, 'KARYAWAN', '2025-02-01 10:09:13'),
(90, '2009816999778726', '$2y$10$ghHa5eVSoTDW7WP6Yl4Vuuw4.gCOxRWXEpADTk5DsFKIimOfT2JMa', 'Sakura Laksmiwati', NULL, 'KARYAWAN', '2025-02-27 03:11:01'),
(91, '4835374996748798', '$2y$10$ghHa5eVSoTDW7WP6Yl4Vuuw4.gCOxRWXEpADTk5DsFKIimOfT2JMa', 'Uchita Hastuti', NULL, 'KARYAWAN', '2025-02-27 03:11:01'),
(92, '3753863031020746', '$2y$10$ghHa5eVSoTDW7WP6Yl4Vuuw4.gCOxRWXEpADTk5DsFKIimOfT2JMa', 'Artanto Rajasa', NULL, 'KARYAWAN', '2025-02-27 03:11:01'),
(93, '6536493223288653', '$2y$10$ghHa5eVSoTDW7WP6Yl4Vuuw4.gCOxRWXEpADTk5DsFKIimOfT2JMa', 'Harjo Winarno, M.Ak', NULL, 'KARYAWAN', '2025-02-27 03:11:01'),
(94, '4859516706845009', '$2y$10$ghHa5eVSoTDW7WP6Yl4Vuuw4.gCOxRWXEpADTk5DsFKIimOfT2JMa', 'Dr. Irnanto Budiman', NULL, 'KARYAWAN', '2025-02-27 03:11:01'),
(95, '2164000829141882', '$2y$10$ghHa5eVSoTDW7WP6Yl4Vuuw4.gCOxRWXEpADTk5DsFKIimOfT2JMa', 'Lasmanto Kurniawan, S.Sos', NULL, 'KARYAWAN', '2025-02-27 03:11:01'),
(96, '3823729461262110', '$2y$10$ghHa5eVSoTDW7WP6Yl4Vuuw4.gCOxRWXEpADTk5DsFKIimOfT2JMa', 'Cut Ella Maulana, S.E.', NULL, 'KARYAWAN', '2025-02-27 03:11:01'),
(97, '1345423944400182', '$2y$10$ghHa5eVSoTDW7WP6Yl4Vuuw4.gCOxRWXEpADTk5DsFKIimOfT2JMa', 'Yulia Nuraini', NULL, 'KARYAWAN', '2025-02-27 03:11:01'),
(98, '9262818737465625', '$2y$10$ghHa5eVSoTDW7WP6Yl4Vuuw4.gCOxRWXEpADTk5DsFKIimOfT2JMa', 'Langgeng Anggraini, S.Pd', NULL, 'KARYAWAN', '2025-02-27 03:11:01'),
(99, '1702626842908945', '$2y$10$ghHa5eVSoTDW7WP6Yl4Vuuw4.gCOxRWXEpADTk5DsFKIimOfT2JMa', 'Dariati Prasetyo', NULL, 'KARYAWAN', '2025-02-27 03:11:01'),
(100, '5197036983812129', '$2y$10$ghHa5eVSoTDW7WP6Yl4Vuuw4.gCOxRWXEpADTk5DsFKIimOfT2JMa', 'Dt. Martaka Nasyiah, S.Kom', NULL, 'KARYAWAN', '2025-02-27 03:11:01'),
(101, '9492920227302917', '$2y$10$ghHa5eVSoTDW7WP6Yl4Vuuw4.gCOxRWXEpADTk5DsFKIimOfT2JMa', 'Ir. Dina Puspasari, M.TI.', NULL, 'KARYAWAN', '2025-02-27 03:11:01'),
(102, '6491082652393811', '$2y$10$ghHa5eVSoTDW7WP6Yl4Vuuw4.gCOxRWXEpADTk5DsFKIimOfT2JMa', 'Atmaja Mustofa', NULL, 'KARYAWAN', '2025-02-27 03:11:01'),
(103, '4677808385120635', '$2y$10$ghHa5eVSoTDW7WP6Yl4Vuuw4.gCOxRWXEpADTk5DsFKIimOfT2JMa', 'Aswani Damanik', NULL, 'KARYAWAN', '2025-02-27 03:11:01'),
(104, '8178610442088491', '$2y$10$ghHa5eVSoTDW7WP6Yl4Vuuw4.gCOxRWXEpADTk5DsFKIimOfT2JMa', 'Wirda Mandala', NULL, 'KARYAWAN', '2025-02-27 03:11:01'),
(105, '4797667847657686', '$2y$10$ghHa5eVSoTDW7WP6Yl4Vuuw4.gCOxRWXEpADTk5DsFKIimOfT2JMa', 'R.M. Wardaya Gunarto, S.I.Kom', NULL, 'KARYAWAN', '2025-02-27 04:26:22'),
(106, '1780437031917782', '$2y$10$ghHa5eVSoTDW7WP6Yl4Vuuw4.gCOxRWXEpADTk5DsFKIimOfT2JMa', 'Indah Suryono', NULL, 'KARYAWAN', '2025-02-27 04:26:22'),
(107, '8862344852010992', '$2y$10$ghHa5eVSoTDW7WP6Yl4Vuuw4.gCOxRWXEpADTk5DsFKIimOfT2JMa', 'Daruna Mandasari', NULL, 'KARYAWAN', '2025-02-27 04:26:22'),
(108, '8366877432974831', '$2y$10$ghHa5eVSoTDW7WP6Yl4Vuuw4.gCOxRWXEpADTk5DsFKIimOfT2JMa', 'Hafshah Suryono', NULL, 'KARYAWAN', '2025-02-27 04:26:22'),
(109, '5331281198029916', '$2y$10$ghHa5eVSoTDW7WP6Yl4Vuuw4.gCOxRWXEpADTk5DsFKIimOfT2JMa', 'Vera Uwais', NULL, 'KARYAWAN', '2025-02-27 04:26:22'),
(110, '9210142938937480', '$2y$10$ghHa5eVSoTDW7WP6Yl4Vuuw4.gCOxRWXEpADTk5DsFKIimOfT2JMa', 'H. Sidiq Halim, S.E.', NULL, 'KARYAWAN', '2025-02-27 04:26:22'),
(111, '5419499803241201', '$2y$10$ghHa5eVSoTDW7WP6Yl4Vuuw4.gCOxRWXEpADTk5DsFKIimOfT2JMa', 'Dalima Mardhiyah', NULL, 'KARYAWAN', '2025-02-27 04:26:22'),
(112, '9729964562227348', '$2y$10$ghHa5eVSoTDW7WP6Yl4Vuuw4.gCOxRWXEpADTk5DsFKIimOfT2JMa', 'Tgk. Fathonah Waluyo', NULL, 'KARYAWAN', '2025-02-27 04:26:22'),
(113, '3036000995529341', '$2y$10$ghHa5eVSoTDW7WP6Yl4Vuuw4.gCOxRWXEpADTk5DsFKIimOfT2JMa', 'Suci Hartati', NULL, 'KARYAWAN', '2025-02-27 04:26:22'),
(114, '2491200172817689', '$2y$10$ghHa5eVSoTDW7WP6Yl4Vuuw4.gCOxRWXEpADTk5DsFKIimOfT2JMa', 'Jamalia Purnawati', NULL, 'KARYAWAN', '2025-02-27 04:26:22'),
(115, '9436457644674541', '$2y$10$ghHa5eVSoTDW7WP6Yl4Vuuw4.gCOxRWXEpADTk5DsFKIimOfT2JMa', 'Ganda Lazuardi, M.TI.', NULL, 'KARYAWAN', '2025-02-27 04:26:22'),
(116, '5477355310578372', '$2y$10$ghHa5eVSoTDW7WP6Yl4Vuuw4.gCOxRWXEpADTk5DsFKIimOfT2JMa', 'Kezia Firgantoro', NULL, 'KARYAWAN', '2025-02-27 04:26:22'),
(117, '1590955695162556', '$2y$10$ghHa5eVSoTDW7WP6Yl4Vuuw4.gCOxRWXEpADTk5DsFKIimOfT2JMa', 'Sutan Raihan Budiman, S.Pd', NULL, 'KARYAWAN', '2025-02-27 04:26:22'),
(118, '7137676782254311', '$2y$10$ghHa5eVSoTDW7WP6Yl4Vuuw4.gCOxRWXEpADTk5DsFKIimOfT2JMa', 'Hasna Lestari', NULL, 'KARYAWAN', '2025-02-27 04:26:22'),
(119, '1739857628188285', '$2y$10$ghHa5eVSoTDW7WP6Yl4Vuuw4.gCOxRWXEpADTk5DsFKIimOfT2JMa', 'Maria Damanik, M.Kom.', NULL, 'KARYAWAN', '2025-02-27 04:26:22'),
(120, '10101010', '$2y$10$gryD4Xh0D7kteD/O8wBCge1xwWurClD72eSodRUTV1WfI2Pn3YTve', 'Akmal', NULL, 'KARYAWAN', '2025-02-27 04:31:37');

--
-- Indexes for dumped tables
--

--
-- Indexes for table `tb_absensi`
--
ALTER TABLE `tb_absensi`
  ADD PRIMARY KEY (`id`),
  ADD KEY `tb_absensi_ibfk_2` (`karyawan_id`);

--
-- Indexes for table `tb_gaji`
--
ALTER TABLE `tb_gaji`
  ADD PRIMARY KEY (`id`),
  ADD KEY `karyawan_id` (`karyawan_id`);

--
-- Indexes for table `tb_jabatan`
--
ALTER TABLE `tb_jabatan`
  ADD PRIMARY KEY (`id`);

--
-- Indexes for table `tb_karyawan`
--
ALTER TABLE `tb_karyawan`
  ADD PRIMARY KEY (`id`),
  ADD UNIQUE KEY `nik` (`nik`);

--
-- Indexes for table `tb_users`
--
ALTER TABLE `tb_users`
  ADD PRIMARY KEY (`id`),
  ADD UNIQUE KEY `username` (`username`);

--
-- AUTO_INCREMENT for dumped tables
--

--
-- AUTO_INCREMENT for table `tb_absensi`
--
ALTER TABLE `tb_absensi`
  MODIFY `id` int(11) NOT NULL AUTO_INCREMENT, AUTO_INCREMENT=9154;

--
-- AUTO_INCREMENT for table `tb_gaji`
--
ALTER TABLE `tb_gaji`
  MODIFY `id` int(11) NOT NULL AUTO_INCREMENT, AUTO_INCREMENT=772;

--
-- AUTO_INCREMENT for table `tb_jabatan`
--
ALTER TABLE `tb_jabatan`
  MODIFY `id` int(11) NOT NULL AUTO_INCREMENT, AUTO_INCREMENT=38;

--
-- AUTO_INCREMENT for table `tb_karyawan`
--
ALTER TABLE `tb_karyawan`
  MODIFY `id` int(11) NOT NULL AUTO_INCREMENT, AUTO_INCREMENT=171;

--
-- AUTO_INCREMENT for table `tb_users`
--
ALTER TABLE `tb_users`
  MODIFY `id` int(11) NOT NULL AUTO_INCREMENT, AUTO_INCREMENT=121;

--
-- Constraints for dumped tables
--

--
-- Constraints for table `tb_absensi`
--
ALTER TABLE `tb_absensi`
  ADD CONSTRAINT `tb_absensi_ibfk_2` FOREIGN KEY (`karyawan_id`) REFERENCES `tb_karyawan` (`id`) ON DELETE CASCADE;

--
-- Constraints for table `tb_gaji`
--
ALTER TABLE `tb_gaji`
  ADD CONSTRAINT `tb_gaji_ibfk_1` FOREIGN KEY (`karyawan_id`) REFERENCES `tb_karyawan` (`id`) ON DELETE CASCADE;

--
-- Constraints for table `tb_karyawan`
--
ALTER TABLE `tb_karyawan`
  ADD CONSTRAINT `fk_jabatan` FOREIGN KEY (`id_jabatan`) REFERENCES `tb_jabatan` (`id`) ON DELETE CASCADE;
COMMIT;

/*!40101 SET CHARACTER_SET_CLIENT=@OLD_CHARACTER_SET_CLIENT */;
/*!40101 SET CHARACTER_SET_RESULTS=@OLD_CHARACTER_SET_RESULTS */;
/*!40101 SET COLLATION_CONNECTION=@OLD_COLLATION_CONNECTION */;
