/*M!999999\- enable the sandbox mode */ 
-- MariaDB dump 10.19-11.6.2-MariaDB, for Linux (x86_64)
--
-- Host: localhost    Database: fbs
-- ------------------------------------------------------
-- Server version	11.6.2-MariaDB

/*!40101 SET @OLD_CHARACTER_SET_CLIENT=@@CHARACTER_SET_CLIENT */;
/*!40101 SET @OLD_CHARACTER_SET_RESULTS=@@CHARACTER_SET_RESULTS */;
/*!40101 SET @OLD_COLLATION_CONNECTION=@@COLLATION_CONNECTION */;
/*!40101 SET NAMES utf8mb4 */;
/*!40103 SET @OLD_TIME_ZONE=@@TIME_ZONE */;
/*!40103 SET TIME_ZONE='+00:00' */;
/*!40014 SET @OLD_UNIQUE_CHECKS=@@UNIQUE_CHECKS, UNIQUE_CHECKS=0 */;
/*!40014 SET @OLD_FOREIGN_KEY_CHECKS=@@FOREIGN_KEY_CHECKS, FOREIGN_KEY_CHECKS=0 */;
/*!40101 SET @OLD_SQL_MODE=@@SQL_MODE, SQL_MODE='NO_AUTO_VALUE_ON_ZERO' */;
/*M!100616 SET @OLD_NOTE_VERBOSITY=@@NOTE_VERBOSITY, NOTE_VERBOSITY=0 */;

--
-- Table structure for table `tb_absensi`
--

DROP TABLE IF EXISTS `tb_absensi`;
/*!40101 SET @saved_cs_client     = @@character_set_client */;
/*!40101 SET character_set_client = utf8 */;
CREATE TABLE `tb_absensi` (
  `id` int(11) NOT NULL AUTO_INCREMENT,
  `karyawan_id` int(11) NOT NULL,
  `tanggal` date NOT NULL,
  `jam_masuk` time NOT NULL,
  `jam_keluar` time DEFAULT NULL,
  `lembur` int(11) DEFAULT 0,
  `status` enum('Hadir','Cuti','Sakit','Izin','Alpha') NOT NULL,
  PRIMARY KEY (`id`),
  KEY `tb_absensi_ibfk_2` (`karyawan_id`),
  CONSTRAINT `tb_absensi_ibfk_2` FOREIGN KEY (`karyawan_id`) REFERENCES `tb_karyawan` (`id`) ON DELETE CASCADE
) ENGINE=InnoDB AUTO_INCREMENT=6532 DEFAULT CHARSET=utf8mb4 COLLATE=utf8mb4_unicode_ci;
/*!40101 SET character_set_client = @saved_cs_client */;

--
-- Dumping data for table `tb_absensi`
--

LOCK TABLES `tb_absensi` WRITE;
/*!40000 ALTER TABLE `tb_absensi` DISABLE KEYS */;
INSERT INTO `tb_absensi` VALUES
(5232,99,'2024-11-04','07:36:00','16:49:00',0,'Hadir'),
(5233,103,'2024-11-04','08:02:00','16:49:00',0,'Hadir'),
(5234,108,'2024-11-04','08:06:00','17:04:00',0,'Hadir'),
(5235,100,'2024-11-04','08:00:00','18:58:00',118,'Hadir'),
(5236,105,'2024-11-04','07:32:00','16:53:00',0,'Hadir'),
(5237,116,'2024-11-04','08:05:00','16:30:00',0,'Hadir'),
(5238,102,'2024-11-04','08:04:00','16:47:00',0,'Hadir'),
(5239,104,'2024-11-04','08:16:00','16:57:00',0,'Hadir'),
(5240,114,'2024-11-04','00:00:00','00:00:00',0,'Alpha'),
(5241,117,'2024-11-04','07:42:00','17:52:00',68,'Hadir'),
(5242,118,'2024-11-04','07:51:00','17:13:00',0,'Hadir'),
(5243,112,'2024-11-04','08:06:00','16:59:00',0,'Hadir'),
(5244,111,'2024-11-04','07:48:00','17:09:00',0,'Hadir'),
(5245,106,'2024-11-04','08:29:00','17:04:00',0,'Hadir'),
(5246,107,'2024-11-04','07:35:00','17:29:00',0,'Hadir'),
(5247,101,'2024-11-04','07:40:00','17:23:00',0,'Hadir'),
(5248,110,'2024-11-04','08:21:00','17:12:00',0,'Hadir'),
(5249,115,'2024-11-04','00:00:00','00:00:00',0,'Alpha'),
(5250,113,'2024-11-04','08:00:00','17:27:00',0,'Hadir'),
(5251,109,'2024-11-04','07:53:00','16:38:00',0,'Hadir'),
(5252,99,'2024-11-05','08:26:00','16:45:00',0,'Hadir'),
(5253,103,'2024-11-05','07:58:00','16:36:00',0,'Hadir'),
(5254,108,'2024-11-05','08:07:00','16:50:00',0,'Hadir'),
(5255,100,'2024-11-05','08:01:00','16:37:00',0,'Hadir'),
(5256,105,'2024-11-05','08:12:00','17:15:00',0,'Hadir'),
(5257,116,'2024-11-05','08:00:00','17:16:00',0,'Hadir'),
(5258,102,'2024-11-05','07:36:00','16:36:00',0,'Hadir'),
(5259,104,'2024-11-05','07:30:00','17:06:00',0,'Hadir'),
(5260,114,'2024-11-05','07:45:00','16:54:00',0,'Hadir'),
(5261,117,'2024-11-05','08:22:00','17:22:00',0,'Hadir'),
(5262,118,'2024-11-05','07:35:00','16:33:00',0,'Hadir'),
(5263,112,'2024-11-05','08:16:00','17:48:00',75,'Hadir'),
(5264,111,'2024-11-05','08:30:00','16:53:00',0,'Hadir'),
(5265,106,'2024-11-05','08:27:00','17:00:00',0,'Hadir'),
(5266,107,'2024-11-05','08:19:00','17:03:00',0,'Hadir'),
(5267,101,'2024-11-05','07:48:00','18:28:00',110,'Hadir'),
(5268,110,'2024-11-05','08:29:00','17:15:00',0,'Hadir'),
(5269,115,'2024-11-05','08:06:00','17:11:00',0,'Hadir'),
(5270,113,'2024-11-05','08:20:00','17:05:00',0,'Hadir'),
(5271,109,'2024-11-05','07:42:00','17:29:00',0,'Hadir'),
(5272,99,'2024-11-06','08:04:00','17:25:00',0,'Hadir'),
(5273,103,'2024-11-06','07:40:00','16:31:00',0,'Hadir'),
(5274,108,'2024-11-06','08:04:00','18:32:00',93,'Hadir'),
(5275,100,'2024-11-06','08:24:00','16:46:00',0,'Hadir'),
(5276,105,'2024-11-06','08:29:00','16:55:00',0,'Hadir'),
(5277,116,'2024-11-06','07:50:00','16:47:00',0,'Hadir'),
(5278,102,'2024-11-06','07:36:00','16:58:00',0,'Hadir'),
(5279,104,'2024-11-06','07:46:00','16:46:00',0,'Hadir'),
(5280,114,'2024-11-06','07:45:00','17:24:00',0,'Hadir'),
(5281,117,'2024-11-06','07:40:00','17:06:00',0,'Hadir'),
(5282,118,'2024-11-06','08:01:00','18:31:00',114,'Hadir'),
(5283,112,'2024-11-06','08:05:00','16:40:00',0,'Hadir'),
(5284,111,'2024-11-06','07:57:00','17:22:00',0,'Hadir'),
(5285,106,'2024-11-06','08:05:00','17:18:00',0,'Hadir'),
(5286,107,'2024-11-06','07:53:00','16:59:00',0,'Hadir'),
(5287,101,'2024-11-06','07:55:00','19:13:00',124,'Hadir'),
(5288,110,'2024-11-06','08:14:00','16:55:00',0,'Hadir'),
(5289,115,'2024-11-06','07:38:00','18:04:00',63,'Hadir'),
(5290,113,'2024-11-06','07:40:00','17:02:00',0,'Hadir'),
(5291,109,'2024-11-06','08:29:00','17:26:00',0,'Hadir'),
(5292,99,'2024-11-07','08:05:00','16:46:00',0,'Hadir'),
(5293,103,'2024-11-07','07:47:00','16:36:00',0,'Hadir'),
(5294,108,'2024-11-07','08:07:00','16:31:00',0,'Hadir'),
(5295,100,'2024-11-07','08:03:00','16:32:00',0,'Hadir'),
(5296,105,'2024-11-07','07:56:00','17:13:00',0,'Hadir'),
(5297,116,'2024-11-07','08:28:00','17:21:00',0,'Hadir'),
(5298,102,'2024-11-07','07:51:00','18:07:00',95,'Hadir'),
(5299,104,'2024-11-07','07:56:00','16:42:00',0,'Hadir'),
(5300,114,'2024-11-07','08:08:00','16:51:00',0,'Hadir'),
(5301,117,'2024-11-07','08:01:00','17:29:00',0,'Hadir'),
(5302,118,'2024-11-07','07:43:00','16:57:00',0,'Hadir'),
(5303,112,'2024-11-07','08:16:00','17:28:00',0,'Hadir'),
(5304,111,'2024-11-07','07:34:00','17:09:00',0,'Hadir'),
(5305,106,'2024-11-07','07:40:00','16:36:00',0,'Hadir'),
(5306,107,'2024-11-07','08:02:00','16:33:00',0,'Hadir'),
(5307,101,'2024-11-07','07:33:00','17:55:00',71,'Hadir'),
(5308,110,'2024-11-07','07:55:00','16:39:00',0,'Hadir'),
(5309,115,'2024-11-07','08:09:00','17:03:00',0,'Hadir'),
(5310,113,'2024-11-07','07:41:00','16:39:00',0,'Hadir'),
(5311,109,'2024-11-07','08:01:00','17:51:00',42,'Hadir'),
(5312,99,'2024-11-08','08:23:00','16:36:00',0,'Hadir'),
(5313,103,'2024-11-08','08:28:00','17:13:00',0,'Hadir'),
(5314,108,'2024-11-08','07:57:00','16:45:00',0,'Hadir'),
(5315,100,'2024-11-08','07:31:00','16:58:00',0,'Hadir'),
(5316,105,'2024-11-08','07:37:00','16:51:00',0,'Hadir'),
(5317,116,'2024-11-08','07:50:00','17:23:00',0,'Hadir'),
(5318,102,'2024-11-08','07:57:00','17:29:00',30,'Hadir'),
(5319,104,'2024-11-08','08:30:00','17:07:00',0,'Hadir'),
(5320,114,'2024-11-08','07:38:00','18:11:00',95,'Hadir'),
(5321,117,'2024-11-08','08:09:00','16:47:00',0,'Hadir'),
(5322,118,'2024-11-08','00:00:00','00:00:00',0,'Alpha'),
(5323,112,'2024-11-08','07:56:00','17:17:00',0,'Hadir'),
(5324,111,'2024-11-08','08:10:00','17:18:00',0,'Hadir'),
(5325,106,'2024-11-08','07:47:00','16:37:00',0,'Hadir'),
(5326,107,'2024-11-08','07:32:00','16:48:00',0,'Hadir'),
(5327,101,'2024-11-08','08:21:00','16:57:00',0,'Hadir'),
(5328,110,'2024-11-08','07:39:00','16:47:00',0,'Hadir'),
(5329,115,'2024-11-08','07:31:00','16:38:00',0,'Hadir'),
(5330,113,'2024-11-08','08:17:00','17:05:00',0,'Hadir'),
(5331,109,'2024-11-08','07:38:00','17:12:00',0,'Hadir'),
(5332,99,'2024-11-11','08:00:00','17:19:00',0,'Hadir'),
(5333,103,'2024-11-11','08:20:00','17:19:00',0,'Hadir'),
(5334,108,'2024-11-11','08:02:00','17:10:00',0,'Hadir'),
(5335,100,'2024-11-11','08:12:00','17:16:00',0,'Hadir'),
(5336,105,'2024-11-11','08:28:00','17:23:00',0,'Hadir'),
(5337,116,'2024-11-11','00:00:00','00:00:00',0,'Alpha'),
(5338,102,'2024-11-11','08:10:00','16:54:00',0,'Hadir'),
(5339,104,'2024-11-11','07:48:00','17:04:00',0,'Hadir'),
(5340,114,'2024-11-11','07:48:00','16:59:00',0,'Hadir'),
(5341,117,'2024-11-11','08:11:00','16:46:00',0,'Hadir'),
(5342,118,'2024-11-11','08:15:00','16:33:00',0,'Hadir'),
(5343,112,'2024-11-11','07:39:00','16:35:00',0,'Hadir'),
(5344,111,'2024-11-11','07:38:00','18:38:00',109,'Hadir'),
(5345,106,'2024-11-11','00:00:00','00:00:00',0,'Alpha'),
(5346,107,'2024-11-11','00:00:00','00:00:00',0,'Alpha'),
(5347,101,'2024-11-11','08:04:00','16:55:00',0,'Hadir'),
(5348,110,'2024-11-11','07:38:00','18:18:00',103,'Hadir'),
(5349,115,'2024-11-11','08:08:00','17:08:00',0,'Hadir'),
(5350,113,'2024-11-11','07:57:00','17:18:00',0,'Hadir'),
(5351,109,'2024-11-11','07:39:00','17:06:00',0,'Hadir'),
(5352,99,'2024-11-12','08:27:00','17:23:00',0,'Hadir'),
(5353,103,'2024-11-12','07:56:00','17:38:00',37,'Hadir'),
(5354,108,'2024-11-12','08:03:00','16:43:00',0,'Hadir'),
(5355,100,'2024-11-12','07:32:00','18:32:00',117,'Hadir'),
(5356,105,'2024-11-12','08:26:00','16:58:00',0,'Hadir'),
(5357,116,'2024-11-12','07:30:00','17:13:00',0,'Hadir'),
(5358,102,'2024-11-12','08:14:00','16:55:00',0,'Hadir'),
(5359,104,'2024-11-12','08:17:00','18:54:00',89,'Hadir'),
(5360,114,'2024-11-12','07:33:00','17:01:00',0,'Hadir'),
(5361,117,'2024-11-12','08:18:00','17:19:00',0,'Hadir'),
(5362,118,'2024-11-12','08:05:00','19:06:00',99,'Hadir'),
(5363,112,'2024-11-12','08:22:00','16:39:00',0,'Hadir'),
(5364,111,'2024-11-12','08:11:00','17:25:00',0,'Hadir'),
(5365,106,'2024-11-12','08:30:00','16:54:00',0,'Hadir'),
(5366,107,'2024-11-12','07:44:00','16:40:00',0,'Hadir'),
(5367,101,'2024-11-12','08:04:00','16:50:00',0,'Hadir'),
(5368,110,'2024-11-12','07:43:00','17:20:00',0,'Hadir'),
(5369,115,'2024-11-12','08:15:00','19:27:00',148,'Hadir'),
(5370,113,'2024-11-12','08:29:00','16:42:00',0,'Hadir'),
(5371,109,'2024-11-12','07:53:00','17:01:00',0,'Hadir'),
(5372,99,'2024-11-13','07:38:00','16:43:00',0,'Hadir'),
(5373,103,'2024-11-13','08:25:00','16:39:00',0,'Hadir'),
(5374,108,'2024-11-13','08:30:00','17:04:00',0,'Hadir'),
(5375,100,'2024-11-13','08:06:00','16:52:00',0,'Hadir'),
(5376,105,'2024-11-13','07:43:00','17:10:00',0,'Hadir'),
(5377,116,'2024-11-13','07:41:00','19:40:00',173,'Hadir'),
(5378,102,'2024-11-13','08:30:00','18:45:00',105,'Hadir'),
(5379,104,'2024-11-13','08:19:00','17:55:00',62,'Hadir'),
(5380,114,'2024-11-13','08:23:00','16:30:00',0,'Hadir'),
(5381,117,'2024-11-13','07:51:00','16:32:00',0,'Hadir'),
(5382,118,'2024-11-13','08:02:00','17:18:00',0,'Hadir'),
(5383,112,'2024-11-13','07:46:00','17:15:00',0,'Hadir'),
(5384,111,'2024-11-13','08:22:00','16:58:00',0,'Hadir'),
(5385,106,'2024-11-13','08:22:00','18:17:00',85,'Hadir'),
(5386,107,'2024-11-13','07:53:00','17:28:00',0,'Hadir'),
(5387,101,'2024-11-13','07:53:00','16:50:00',0,'Hadir'),
(5388,110,'2024-11-13','07:52:00','17:59:00',30,'Hadir'),
(5389,115,'2024-11-13','07:54:00','16:33:00',0,'Hadir'),
(5390,113,'2024-11-13','08:13:00','17:16:00',0,'Hadir'),
(5391,109,'2024-11-13','08:07:00','16:35:00',0,'Hadir'),
(5392,99,'2024-11-14','08:16:00','16:38:00',0,'Hadir'),
(5393,103,'2024-11-14','07:53:00','16:38:00',0,'Hadir'),
(5394,108,'2024-11-14','08:30:00','16:44:00',0,'Hadir'),
(5395,100,'2024-11-14','08:30:00','17:14:00',0,'Hadir'),
(5396,105,'2024-11-14','08:21:00','17:02:00',0,'Hadir'),
(5397,116,'2024-11-14','08:05:00','18:51:00',135,'Hadir'),
(5398,102,'2024-11-14','00:00:00','00:00:00',0,'Alpha'),
(5399,104,'2024-11-14','08:29:00','16:57:00',0,'Hadir'),
(5400,114,'2024-11-14','07:44:00','17:10:00',0,'Hadir'),
(5401,117,'2024-11-14','08:16:00','17:05:00',0,'Hadir'),
(5402,118,'2024-11-14','07:33:00','17:27:00',0,'Hadir'),
(5403,112,'2024-11-14','07:54:00','19:16:00',155,'Hadir'),
(5404,111,'2024-11-14','07:38:00','17:19:00',0,'Hadir'),
(5405,106,'2024-11-14','07:40:00','16:58:00',0,'Hadir'),
(5406,107,'2024-11-14','07:58:00','19:27:00',129,'Hadir'),
(5407,101,'2024-11-14','08:16:00','16:53:00',0,'Hadir'),
(5408,110,'2024-11-14','07:50:00','16:42:00',0,'Hadir'),
(5409,115,'2024-11-14','07:56:00','16:36:00',0,'Hadir'),
(5410,113,'2024-11-14','07:49:00','16:37:00',0,'Hadir'),
(5411,109,'2024-11-14','07:49:00','17:02:00',0,'Hadir'),
(5412,99,'2024-11-15','07:59:00','19:52:00',178,'Hadir'),
(5413,103,'2024-11-15','07:45:00','17:28:00',0,'Hadir'),
(5414,108,'2024-11-15','07:33:00','16:47:00',0,'Hadir'),
(5415,100,'2024-11-15','08:30:00','16:38:00',0,'Hadir'),
(5416,105,'2024-11-15','07:36:00','17:21:00',49,'Hadir'),
(5417,116,'2024-11-15','08:18:00','17:29:00',0,'Hadir'),
(5418,102,'2024-11-15','07:43:00','17:23:00',0,'Hadir'),
(5419,104,'2024-11-15','07:39:00','18:26:00',115,'Hadir'),
(5420,114,'2024-11-15','07:30:00','17:20:00',0,'Hadir'),
(5421,117,'2024-11-15','08:19:00','16:49:00',0,'Hadir'),
(5422,118,'2024-11-15','07:52:00','19:43:00',157,'Hadir'),
(5423,112,'2024-11-15','08:15:00','16:54:00',0,'Hadir'),
(5424,111,'2024-11-15','08:12:00','17:07:00',0,'Hadir'),
(5425,106,'2024-11-15','08:29:00','16:37:00',0,'Hadir'),
(5426,107,'2024-11-15','08:26:00','17:11:00',0,'Hadir'),
(5427,101,'2024-11-15','08:04:00','17:17:00',0,'Hadir'),
(5428,110,'2024-11-15','08:25:00','16:49:00',0,'Hadir'),
(5429,115,'2024-11-15','08:23:00','17:04:00',0,'Hadir'),
(5430,113,'2024-11-15','07:54:00','16:55:00',0,'Hadir'),
(5431,109,'2024-11-15','07:43:00','18:07:00',93,'Hadir'),
(5432,99,'2024-11-18','07:32:00','18:07:00',64,'Hadir'),
(5433,103,'2024-11-18','08:16:00','17:28:00',0,'Hadir'),
(5434,108,'2024-11-18','07:46:00','17:13:00',0,'Hadir'),
(5435,100,'2024-11-18','07:41:00','16:32:00',0,'Hadir'),
(5436,105,'2024-11-18','08:18:00','17:02:00',0,'Hadir'),
(5437,116,'2024-11-18','07:56:00','17:18:00',0,'Hadir'),
(5438,102,'2024-11-18','07:33:00','16:52:00',0,'Hadir'),
(5439,104,'2024-11-18','07:58:00','17:48:00',34,'Hadir'),
(5440,114,'2024-11-18','00:00:00','00:00:00',0,'Alpha'),
(5441,117,'2024-11-18','07:31:00','16:56:00',0,'Hadir'),
(5442,118,'2024-11-18','08:29:00','16:48:00',0,'Hadir'),
(5443,112,'2024-11-18','07:47:00','19:46:00',143,'Hadir'),
(5444,111,'2024-11-18','08:22:00','19:33:00',153,'Hadir'),
(5445,106,'2024-11-18','08:10:00','16:35:00',0,'Hadir'),
(5446,107,'2024-11-18','07:42:00','17:03:00',0,'Hadir'),
(5447,101,'2024-11-18','07:55:00','18:24:00',91,'Hadir'),
(5448,110,'2024-11-18','07:37:00','19:34:00',153,'Hadir'),
(5449,115,'2024-11-18','08:00:00','17:19:00',0,'Hadir'),
(5450,113,'2024-11-18','07:53:00','19:23:00',153,'Hadir'),
(5451,109,'2024-11-18','08:25:00','17:09:00',0,'Hadir'),
(5452,99,'2024-11-19','07:31:00','16:50:00',0,'Hadir'),
(5453,103,'2024-11-19','08:20:00','17:15:00',0,'Hadir'),
(5454,108,'2024-11-19','08:24:00','17:28:00',0,'Hadir'),
(5455,100,'2024-11-19','00:00:00','00:00:00',0,'Alpha'),
(5456,105,'2024-11-19','08:12:00','17:55:00',41,'Hadir'),
(5457,116,'2024-11-19','08:13:00','17:03:00',0,'Hadir'),
(5458,102,'2024-11-19','08:26:00','17:08:00',0,'Hadir'),
(5459,104,'2024-11-19','07:41:00','17:04:00',0,'Hadir'),
(5460,114,'2024-11-19','08:30:00','16:58:00',0,'Hadir'),
(5461,117,'2024-11-19','08:15:00','19:30:00',163,'Hadir'),
(5462,118,'2024-11-19','07:59:00','16:38:00',0,'Hadir'),
(5463,112,'2024-11-19','08:09:00','16:43:00',0,'Hadir'),
(5464,111,'2024-11-19','08:09:00','18:21:00',74,'Hadir'),
(5465,106,'2024-11-19','08:26:00','17:04:00',0,'Hadir'),
(5466,107,'2024-11-19','08:29:00','16:40:00',0,'Hadir'),
(5467,101,'2024-11-19','07:39:00','16:51:00',0,'Hadir'),
(5468,110,'2024-11-19','00:00:00','00:00:00',0,'Alpha'),
(5469,115,'2024-11-19','08:12:00','17:15:00',0,'Hadir'),
(5470,113,'2024-11-19','08:28:00','17:09:00',0,'Hadir'),
(5471,109,'2024-11-19','08:04:00','18:29:00',97,'Hadir'),
(5472,99,'2024-11-20','07:34:00','16:32:00',0,'Hadir'),
(5473,103,'2024-11-20','07:54:00','17:18:00',0,'Hadir'),
(5474,108,'2024-11-20','08:04:00','17:18:00',0,'Hadir'),
(5475,100,'2024-11-20','07:37:00','17:29:00',0,'Hadir'),
(5476,105,'2024-11-20','08:00:00','16:31:00',0,'Hadir'),
(5477,116,'2024-11-20','07:34:00','17:03:00',0,'Hadir'),
(5478,102,'2024-11-20','07:38:00','17:02:00',0,'Hadir'),
(5479,104,'2024-11-20','08:03:00','19:10:00',130,'Hadir'),
(5480,114,'2024-11-20','08:22:00','16:45:00',0,'Hadir'),
(5481,117,'2024-11-20','08:21:00','17:28:00',0,'Hadir'),
(5482,118,'2024-11-20','08:19:00','16:38:00',0,'Hadir'),
(5483,112,'2024-11-20','07:42:00','17:02:00',0,'Hadir'),
(5484,111,'2024-11-20','08:14:00','16:53:00',0,'Hadir'),
(5485,106,'2024-11-20','08:11:00','16:50:00',0,'Hadir'),
(5486,107,'2024-11-20','08:16:00','16:38:00',0,'Hadir'),
(5487,101,'2024-11-20','07:53:00','17:03:00',0,'Hadir'),
(5488,110,'2024-11-20','07:30:00','16:36:00',0,'Hadir'),
(5489,115,'2024-11-20','08:09:00','17:16:00',0,'Hadir'),
(5490,113,'2024-11-20','07:32:00','18:31:00',82,'Hadir'),
(5491,109,'2024-11-20','08:18:00','17:03:00',0,'Hadir'),
(5492,99,'2024-11-21','08:29:00','17:59:00',73,'Hadir'),
(5493,103,'2024-11-21','08:14:00','16:37:00',0,'Hadir'),
(5494,108,'2024-11-21','07:47:00','16:30:00',0,'Hadir'),
(5495,100,'2024-11-21','07:56:00','16:53:00',0,'Hadir'),
(5496,105,'2024-11-21','07:53:00','17:19:00',0,'Hadir'),
(5497,116,'2024-11-21','08:09:00','18:23:00',77,'Hadir'),
(5498,102,'2024-11-21','08:00:00','16:42:00',0,'Hadir'),
(5499,104,'2024-11-21','00:00:00','00:00:00',0,'Alpha'),
(5500,114,'2024-11-21','08:01:00','19:49:00',142,'Hadir'),
(5501,117,'2024-11-21','08:14:00','17:23:00',0,'Hadir'),
(5502,118,'2024-11-21','08:24:00','18:12:00',61,'Hadir'),
(5503,112,'2024-11-21','08:06:00','18:51:00',90,'Hadir'),
(5504,111,'2024-11-21','08:18:00','16:43:00',0,'Hadir'),
(5505,106,'2024-11-21','07:43:00','17:18:00',0,'Hadir'),
(5506,107,'2024-11-21','00:00:00','00:00:00',0,'Alpha'),
(5507,101,'2024-11-21','08:24:00','17:16:00',0,'Hadir'),
(5508,110,'2024-11-21','08:28:00','16:46:00',0,'Hadir'),
(5509,115,'2024-11-21','07:57:00','16:51:00',0,'Hadir'),
(5510,113,'2024-11-21','08:00:00','16:46:00',0,'Hadir'),
(5511,109,'2024-11-21','08:27:00','19:32:00',135,'Hadir'),
(5512,99,'2024-11-22','08:05:00','16:31:00',0,'Hadir'),
(5513,103,'2024-11-22','08:05:00','16:48:00',0,'Hadir'),
(5514,108,'2024-11-22','08:11:00','17:03:00',0,'Hadir'),
(5515,100,'2024-11-22','07:41:00','17:17:00',0,'Hadir'),
(5516,105,'2024-11-22','08:26:00','16:57:00',0,'Hadir'),
(5517,116,'2024-11-22','08:03:00','17:03:00',0,'Hadir'),
(5518,102,'2024-11-22','07:34:00','17:28:00',0,'Hadir'),
(5519,104,'2024-11-22','00:00:00','00:00:00',0,'Alpha'),
(5520,114,'2024-11-22','00:00:00','00:00:00',0,'Alpha'),
(5521,117,'2024-11-22','08:00:00','16:52:00',0,'Hadir'),
(5522,118,'2024-11-22','08:29:00','17:24:00',0,'Hadir'),
(5523,112,'2024-11-22','08:15:00','17:21:00',0,'Hadir'),
(5524,111,'2024-11-22','07:30:00','17:16:00',0,'Hadir'),
(5525,106,'2024-11-22','07:51:00','19:26:00',144,'Hadir'),
(5526,107,'2024-11-22','07:37:00','17:03:00',0,'Hadir'),
(5527,101,'2024-11-22','07:53:00','17:07:00',0,'Hadir'),
(5528,110,'2024-11-22','08:29:00','17:09:00',0,'Hadir'),
(5529,115,'2024-11-22','08:18:00','16:33:00',0,'Hadir'),
(5530,113,'2024-11-22','07:38:00','16:49:00',0,'Hadir'),
(5531,109,'2024-11-22','07:38:00','17:02:00',0,'Hadir'),
(5532,99,'2024-11-25','07:59:00','16:44:00',0,'Hadir'),
(5533,103,'2024-11-25','07:52:00','17:44:00',48,'Hadir'),
(5534,108,'2024-11-25','08:20:00','17:24:00',0,'Hadir'),
(5535,100,'2024-11-25','07:37:00','19:17:00',154,'Hadir'),
(5536,105,'2024-11-25','08:00:00','17:08:00',0,'Hadir'),
(5537,116,'2024-11-25','08:27:00','16:44:00',0,'Hadir'),
(5538,102,'2024-11-25','08:09:00','17:15:00',0,'Hadir'),
(5539,104,'2024-11-25','08:17:00','16:47:00',0,'Hadir'),
(5540,114,'2024-11-25','07:50:00','16:32:00',0,'Hadir'),
(5541,117,'2024-11-25','07:33:00','18:32:00',116,'Hadir'),
(5542,118,'2024-11-25','08:30:00','17:11:00',0,'Hadir'),
(5543,112,'2024-11-25','08:03:00','16:56:00',0,'Hadir'),
(5544,111,'2024-11-25','08:07:00','16:47:00',0,'Hadir'),
(5545,106,'2024-11-25','07:51:00','19:03:00',96,'Hadir'),
(5546,107,'2024-11-25','00:00:00','00:00:00',0,'Alpha'),
(5547,101,'2024-11-25','08:07:00','17:18:00',36,'Hadir'),
(5548,110,'2024-11-25','08:18:00','19:02:00',106,'Hadir'),
(5549,115,'2024-11-25','07:30:00','16:37:00',0,'Hadir'),
(5550,113,'2024-11-25','07:50:00','16:51:00',0,'Hadir'),
(5551,109,'2024-11-25','08:19:00','16:42:00',0,'Hadir'),
(5552,99,'2024-11-26','00:00:00','00:00:00',0,'Alpha'),
(5553,103,'2024-11-26','08:18:00','19:01:00',107,'Hadir'),
(5554,108,'2024-11-26','07:56:00','16:52:00',0,'Hadir'),
(5555,100,'2024-11-26','07:30:00','16:36:00',0,'Hadir'),
(5556,105,'2024-11-26','08:00:00','17:29:00',0,'Hadir'),
(5557,116,'2024-11-26','07:30:00','16:54:00',0,'Hadir'),
(5558,102,'2024-11-26','08:28:00','16:30:00',0,'Hadir'),
(5559,104,'2024-11-26','07:50:00','16:33:00',0,'Hadir'),
(5560,114,'2024-11-26','00:00:00','00:00:00',0,'Alpha'),
(5561,117,'2024-11-26','08:20:00','17:09:00',0,'Hadir'),
(5562,118,'2024-11-26','07:42:00','16:52:00',0,'Hadir'),
(5563,112,'2024-11-26','08:02:00','17:05:00',0,'Hadir'),
(5564,111,'2024-11-26','08:08:00','17:14:00',0,'Hadir'),
(5565,106,'2024-11-26','08:23:00','17:12:00',0,'Hadir'),
(5566,107,'2024-11-26','07:45:00','17:28:00',0,'Hadir'),
(5567,101,'2024-11-26','07:59:00','16:45:00',0,'Hadir'),
(5568,110,'2024-11-26','08:06:00','17:09:00',0,'Hadir'),
(5569,115,'2024-11-26','07:39:00','16:44:00',0,'Hadir'),
(5570,113,'2024-11-26','07:35:00','16:52:00',0,'Hadir'),
(5571,109,'2024-11-26','08:08:00','17:52:00',43,'Hadir'),
(5572,99,'2024-11-27','07:42:00','16:54:00',0,'Hadir'),
(5573,103,'2024-11-27','08:06:00','17:20:00',0,'Hadir'),
(5574,108,'2024-11-27','07:34:00','17:16:00',0,'Hadir'),
(5575,100,'2024-11-27','08:22:00','17:03:00',0,'Hadir'),
(5576,105,'2024-11-27','07:41:00','16:56:00',0,'Hadir'),
(5577,116,'2024-11-27','07:50:00','19:58:00',177,'Hadir'),
(5578,102,'2024-11-27','08:18:00','19:20:00',121,'Hadir'),
(5579,104,'2024-11-27','08:03:00','17:30:00',0,'Hadir'),
(5580,114,'2024-11-27','07:30:00','16:31:00',0,'Hadir'),
(5581,117,'2024-11-27','08:06:00','17:21:00',38,'Hadir'),
(5582,118,'2024-11-27','08:05:00','17:09:00',0,'Hadir'),
(5583,112,'2024-11-27','07:48:00','17:07:00',0,'Hadir'),
(5584,111,'2024-11-27','08:04:00','16:52:00',0,'Hadir'),
(5585,106,'2024-11-27','08:04:00','16:41:00',0,'Hadir'),
(5586,107,'2024-11-27','08:28:00','16:31:00',0,'Hadir'),
(5587,101,'2024-11-27','08:28:00','16:32:00',0,'Hadir'),
(5588,110,'2024-11-27','07:37:00','16:32:00',0,'Hadir'),
(5589,115,'2024-11-27','07:51:00','17:28:00',0,'Hadir'),
(5590,113,'2024-11-27','07:47:00','17:13:00',0,'Hadir'),
(5591,109,'2024-11-27','07:50:00','18:31:00',102,'Hadir'),
(5592,99,'2024-11-28','07:56:00','17:26:00',0,'Hadir'),
(5593,103,'2024-11-28','07:58:00','16:50:00',0,'Hadir'),
(5594,108,'2024-11-28','00:00:00','00:00:00',0,'Alpha'),
(5595,100,'2024-11-28','00:00:00','00:00:00',0,'Alpha'),
(5596,105,'2024-11-28','07:58:00','18:26:00',65,'Hadir'),
(5597,116,'2024-11-28','07:37:00','19:26:00',142,'Hadir'),
(5598,102,'2024-11-28','08:07:00','16:57:00',0,'Hadir'),
(5599,104,'2024-11-28','07:52:00','17:24:00',0,'Hadir'),
(5600,114,'2024-11-28','08:26:00','16:45:00',0,'Hadir'),
(5601,117,'2024-11-28','08:27:00','17:05:00',0,'Hadir'),
(5602,118,'2024-11-28','08:29:00','19:14:00',120,'Hadir'),
(5603,112,'2024-11-28','08:23:00','18:16:00',68,'Hadir'),
(5604,111,'2024-11-28','07:51:00','16:42:00',0,'Hadir'),
(5605,106,'2024-11-28','08:15:00','17:00:00',0,'Hadir'),
(5606,107,'2024-11-28','08:06:00','17:05:00',0,'Hadir'),
(5607,101,'2024-11-28','07:55:00','19:23:00',154,'Hadir'),
(5608,110,'2024-11-28','08:21:00','16:30:00',0,'Hadir'),
(5609,115,'2024-11-28','08:14:00','17:19:00',0,'Hadir'),
(5610,113,'2024-11-28','07:48:00','18:08:00',75,'Hadir'),
(5611,109,'2024-11-28','07:39:00','16:47:00',0,'Hadir'),
(5612,99,'2024-11-29','07:38:00','16:55:00',0,'Hadir'),
(5613,103,'2024-11-29','08:18:00','16:34:00',0,'Hadir'),
(5614,108,'2024-11-29','08:18:00','17:19:00',0,'Hadir'),
(5615,100,'2024-11-29','08:16:00','16:44:00',0,'Hadir'),
(5616,105,'2024-11-29','07:45:00','17:25:00',0,'Hadir'),
(5617,116,'2024-11-29','07:51:00','17:53:00',47,'Hadir'),
(5618,102,'2024-11-29','08:18:00','16:55:00',0,'Hadir'),
(5619,104,'2024-11-29','07:35:00','17:05:00',0,'Hadir'),
(5620,114,'2024-11-29','07:43:00','16:38:00',0,'Hadir'),
(5621,117,'2024-11-29','08:03:00','17:21:00',0,'Hadir'),
(5622,118,'2024-11-29','08:07:00','16:46:00',0,'Hadir'),
(5623,112,'2024-11-29','07:49:00','17:02:00',0,'Hadir'),
(5624,111,'2024-11-29','07:58:00','17:07:00',0,'Hadir'),
(5625,106,'2024-11-29','08:10:00','17:25:00',0,'Hadir'),
(5626,107,'2024-11-29','08:26:00','18:22:00',110,'Hadir'),
(5627,101,'2024-11-29','08:25:00','17:38:00',58,'Hadir'),
(5628,110,'2024-11-29','07:34:00','16:41:00',0,'Hadir'),
(5629,115,'2024-11-29','08:07:00','16:38:00',0,'Hadir'),
(5630,113,'2024-11-29','08:01:00','17:21:00',0,'Hadir'),
(5631,109,'2024-11-29','08:22:00','17:03:00',0,'Hadir'),
(5632,99,'2024-12-02','08:13:00','16:54:00',0,'Hadir'),
(5633,103,'2024-12-02','07:33:00','17:07:00',0,'Hadir'),
(5634,108,'2024-12-02','07:37:00','17:01:00',0,'Hadir'),
(5635,100,'2024-12-02','08:01:00','19:07:00',148,'Hadir'),
(5636,105,'2024-12-02','00:00:00','00:00:00',0,'Alpha'),
(5637,116,'2024-12-02','08:13:00','17:20:00',0,'Hadir'),
(5638,102,'2024-12-02','07:57:00','17:29:00',0,'Hadir'),
(5639,104,'2024-12-02','07:39:00','17:01:00',0,'Hadir'),
(5640,114,'2024-12-02','07:59:00','17:02:00',0,'Hadir'),
(5641,117,'2024-12-02','08:24:00','17:19:00',0,'Hadir'),
(5642,118,'2024-12-02','07:59:00','16:33:00',0,'Hadir'),
(5643,112,'2024-12-02','07:31:00','18:57:00',102,'Hadir'),
(5644,111,'2024-12-02','08:28:00','16:49:00',0,'Hadir'),
(5645,106,'2024-12-02','08:17:00','16:30:00',0,'Hadir'),
(5646,107,'2024-12-02','07:31:00','16:37:00',0,'Hadir'),
(5647,101,'2024-12-02','08:10:00','16:50:00',0,'Hadir'),
(5648,110,'2024-12-02','08:21:00','16:57:00',0,'Hadir'),
(5649,115,'2024-12-02','00:00:00','00:00:00',0,'Alpha'),
(5650,113,'2024-12-02','07:42:00','18:00:00',51,'Hadir'),
(5651,109,'2024-12-02','08:00:00','16:45:00',0,'Hadir'),
(5652,99,'2024-12-03','08:05:00','17:23:00',0,'Hadir'),
(5653,103,'2024-12-03','08:27:00','17:17:00',0,'Hadir'),
(5654,108,'2024-12-03','08:15:00','17:23:00',0,'Hadir'),
(5655,100,'2024-12-03','07:40:00','17:01:00',0,'Hadir'),
(5656,105,'2024-12-03','07:33:00','16:42:00',0,'Hadir'),
(5657,116,'2024-12-03','00:00:00','00:00:00',0,'Alpha'),
(5658,102,'2024-12-03','08:12:00','19:38:00',147,'Hadir'),
(5659,104,'2024-12-03','07:36:00','16:32:00',0,'Hadir'),
(5660,114,'2024-12-03','07:45:00','16:42:00',0,'Hadir'),
(5661,117,'2024-12-03','07:49:00','19:48:00',169,'Hadir'),
(5662,118,'2024-12-03','08:00:00','17:19:00',0,'Hadir'),
(5663,112,'2024-12-03','07:32:00','16:57:00',0,'Hadir'),
(5664,111,'2024-12-03','07:38:00','17:14:00',0,'Hadir'),
(5665,106,'2024-12-03','07:31:00','19:32:00',162,'Hadir'),
(5666,107,'2024-12-03','07:32:00','17:28:00',0,'Hadir'),
(5667,101,'2024-12-03','08:09:00','19:57:00',165,'Hadir'),
(5668,110,'2024-12-03','07:52:00','17:19:00',0,'Hadir'),
(5669,115,'2024-12-03','07:58:00','18:01:00',35,'Hadir'),
(5670,113,'2024-12-03','07:51:00','17:19:00',0,'Hadir'),
(5671,109,'2024-12-03','08:05:00','17:20:00',0,'Hadir'),
(5672,99,'2024-12-04','07:48:00','16:59:00',0,'Hadir'),
(5673,103,'2024-12-04','08:20:00','16:51:00',0,'Hadir'),
(5674,108,'2024-12-04','08:22:00','16:55:00',0,'Hadir'),
(5675,100,'2024-12-04','07:39:00','16:56:00',0,'Hadir'),
(5676,105,'2024-12-04','08:01:00','16:32:00',0,'Hadir'),
(5677,116,'2024-12-04','07:33:00','17:23:00',0,'Hadir'),
(5678,102,'2024-12-04','07:39:00','19:24:00',142,'Hadir'),
(5679,104,'2024-12-04','08:30:00','16:30:00',0,'Hadir'),
(5680,114,'2024-12-04','08:07:00','17:12:00',0,'Hadir'),
(5681,117,'2024-12-04','08:16:00','17:18:00',0,'Hadir'),
(5682,118,'2024-12-04','08:15:00','17:17:00',0,'Hadir'),
(5683,112,'2024-12-04','08:20:00','16:36:00',0,'Hadir'),
(5684,111,'2024-12-04','08:24:00','17:10:00',0,'Hadir'),
(5685,106,'2024-12-04','08:10:00','16:57:00',0,'Hadir'),
(5686,107,'2024-12-04','07:36:00','17:21:00',0,'Hadir'),
(5687,101,'2024-12-04','08:14:00','19:52:00',158,'Hadir'),
(5688,110,'2024-12-04','08:07:00','17:09:00',0,'Hadir'),
(5689,115,'2024-12-04','08:12:00','17:24:00',0,'Hadir'),
(5690,113,'2024-12-04','08:12:00','17:03:00',0,'Hadir'),
(5691,109,'2024-12-04','07:39:00','17:19:00',0,'Hadir'),
(5692,99,'2024-12-05','08:05:00','19:19:00',117,'Hadir'),
(5693,103,'2024-12-05','08:05:00','16:41:00',0,'Hadir'),
(5694,108,'2024-12-05','07:44:00','17:30:00',0,'Hadir'),
(5695,100,'2024-12-05','08:14:00','16:34:00',0,'Hadir'),
(5696,105,'2024-12-05','07:43:00','17:25:00',0,'Hadir'),
(5697,116,'2024-12-05','08:07:00','16:33:00',0,'Hadir'),
(5698,102,'2024-12-05','07:40:00','17:22:00',0,'Hadir'),
(5699,104,'2024-12-05','07:45:00','18:46:00',125,'Hadir'),
(5700,114,'2024-12-05','07:47:00','16:54:00',0,'Hadir'),
(5701,117,'2024-12-05','07:47:00','19:02:00',109,'Hadir'),
(5702,118,'2024-12-05','08:30:00','16:47:00',0,'Hadir'),
(5703,112,'2024-12-05','07:30:00','17:10:00',0,'Hadir'),
(5704,111,'2024-12-05','07:42:00','17:18:00',0,'Hadir'),
(5705,106,'2024-12-05','07:39:00','17:21:00',0,'Hadir'),
(5706,107,'2024-12-05','07:32:00','16:55:00',0,'Hadir'),
(5707,101,'2024-12-05','07:32:00','17:23:00',0,'Hadir'),
(5708,110,'2024-12-05','08:26:00','17:20:00',0,'Hadir'),
(5709,115,'2024-12-05','07:45:00','16:55:00',0,'Hadir'),
(5710,113,'2024-12-05','07:51:00','17:27:00',0,'Hadir'),
(5711,109,'2024-12-05','08:04:00','16:51:00',0,'Hadir'),
(5712,99,'2024-12-06','08:05:00','16:57:00',0,'Hadir'),
(5713,103,'2024-12-06','08:09:00','17:04:00',0,'Hadir'),
(5714,108,'2024-12-06','08:08:00','17:10:00',0,'Hadir'),
(5715,100,'2024-12-06','08:03:00','17:11:00',0,'Hadir'),
(5716,105,'2024-12-06','07:50:00','17:06:00',0,'Hadir'),
(5717,116,'2024-12-06','00:00:00','00:00:00',0,'Alpha'),
(5718,102,'2024-12-06','08:09:00','16:45:00',0,'Hadir'),
(5719,104,'2024-12-06','08:10:00','19:15:00',165,'Hadir'),
(5720,114,'2024-12-06','07:47:00','17:16:00',0,'Hadir'),
(5721,117,'2024-12-06','07:56:00','18:04:00',89,'Hadir'),
(5722,118,'2024-12-06','08:20:00','16:40:00',0,'Hadir'),
(5723,112,'2024-12-06','07:55:00','17:03:00',0,'Hadir'),
(5724,111,'2024-12-06','08:09:00','18:05:00',61,'Hadir'),
(5725,106,'2024-12-06','07:43:00','16:36:00',0,'Hadir'),
(5726,107,'2024-12-06','07:46:00','18:56:00',130,'Hadir'),
(5727,101,'2024-12-06','07:57:00','16:57:00',0,'Hadir'),
(5728,110,'2024-12-06','07:56:00','16:56:00',0,'Hadir'),
(5729,115,'2024-12-06','07:44:00','18:17:00',103,'Hadir'),
(5730,113,'2024-12-06','07:59:00','17:18:00',0,'Hadir'),
(5731,109,'2024-12-06','08:15:00','18:42:00',119,'Hadir'),
(5732,99,'2024-12-09','07:49:00','18:03:00',56,'Hadir'),
(5733,103,'2024-12-09','08:29:00','16:35:00',0,'Hadir'),
(5734,108,'2024-12-09','00:00:00','00:00:00',0,'Alpha'),
(5735,100,'2024-12-09','07:57:00','16:54:00',0,'Hadir'),
(5736,105,'2024-12-09','08:05:00','17:04:00',0,'Hadir'),
(5737,116,'2024-12-09','08:01:00','16:47:00',0,'Hadir'),
(5738,102,'2024-12-09','08:26:00','17:19:00',0,'Hadir'),
(5739,104,'2024-12-09','07:56:00','17:13:00',0,'Hadir'),
(5740,114,'2024-12-09','08:22:00','19:19:00',128,'Hadir'),
(5741,117,'2024-12-09','07:35:00','17:14:00',0,'Hadir'),
(5742,118,'2024-12-09','07:33:00','17:21:00',0,'Hadir'),
(5743,112,'2024-12-09','07:30:00','16:58:00',0,'Hadir'),
(5744,111,'2024-12-09','00:00:00','00:00:00',0,'Alpha'),
(5745,106,'2024-12-09','08:05:00','17:03:00',0,'Hadir'),
(5746,107,'2024-12-09','07:32:00','16:34:00',0,'Hadir'),
(5747,101,'2024-12-09','08:00:00','17:03:00',0,'Hadir'),
(5748,110,'2024-12-09','08:13:00','17:26:00',0,'Hadir'),
(5749,115,'2024-12-09','08:20:00','17:05:00',0,'Hadir'),
(5750,113,'2024-12-09','08:18:00','17:52:00',70,'Hadir'),
(5751,109,'2024-12-09','07:45:00','16:59:00',0,'Hadir'),
(5752,99,'2024-12-10','07:58:00','17:21:00',0,'Hadir'),
(5753,103,'2024-12-10','08:05:00','16:32:00',0,'Hadir'),
(5754,108,'2024-12-10','08:02:00','17:12:00',0,'Hadir'),
(5755,100,'2024-12-10','07:39:00','17:07:00',0,'Hadir'),
(5756,105,'2024-12-10','07:38:00','16:45:00',0,'Hadir'),
(5757,116,'2024-12-10','08:06:00','16:37:00',0,'Hadir'),
(5758,102,'2024-12-10','07:50:00','17:29:00',0,'Hadir'),
(5759,104,'2024-12-10','07:34:00','16:52:00',0,'Hadir'),
(5760,114,'2024-12-10','08:29:00','16:36:00',0,'Hadir'),
(5761,117,'2024-12-10','08:10:00','16:35:00',0,'Hadir'),
(5762,118,'2024-12-10','08:01:00','20:12:00',173,'Hadir'),
(5763,112,'2024-12-10','07:47:00','16:30:00',0,'Hadir'),
(5764,111,'2024-12-10','07:40:00','17:05:00',0,'Hadir'),
(5765,106,'2024-12-10','08:19:00','16:33:00',0,'Hadir'),
(5766,107,'2024-12-10','07:41:00','17:20:00',0,'Hadir'),
(5767,101,'2024-12-10','07:30:00','16:50:00',0,'Hadir'),
(5768,110,'2024-12-10','07:45:00','16:31:00',0,'Hadir'),
(5769,115,'2024-12-10','07:36:00','16:38:00',0,'Hadir'),
(5770,113,'2024-12-10','07:50:00','16:33:00',0,'Hadir'),
(5771,109,'2024-12-10','00:00:00','00:00:00',0,'Alpha'),
(5772,99,'2024-12-11','07:56:00','17:10:00',0,'Hadir'),
(5773,103,'2024-12-11','07:47:00','17:18:00',0,'Hadir'),
(5774,108,'2024-12-11','08:05:00','18:42:00',117,'Hadir'),
(5775,100,'2024-12-11','07:48:00','16:53:00',0,'Hadir'),
(5776,105,'2024-12-11','07:45:00','18:13:00',87,'Hadir'),
(5777,116,'2024-12-11','08:24:00','17:06:00',0,'Hadir'),
(5778,102,'2024-12-11','00:00:00','00:00:00',0,'Alpha'),
(5779,104,'2024-12-11','08:25:00','16:40:00',0,'Hadir'),
(5780,114,'2024-12-11','07:36:00','17:59:00',73,'Hadir'),
(5781,117,'2024-12-11','07:53:00','16:30:00',0,'Hadir'),
(5782,118,'2024-12-11','08:00:00','18:29:00',69,'Hadir'),
(5783,112,'2024-12-11','07:31:00','17:18:00',0,'Hadir'),
(5784,111,'2024-12-11','08:11:00','16:46:00',0,'Hadir'),
(5785,106,'2024-12-11','07:50:00','16:38:00',0,'Hadir'),
(5786,107,'2024-12-11','07:52:00','16:38:00',0,'Hadir'),
(5787,101,'2024-12-11','07:37:00','16:59:00',0,'Hadir'),
(5788,110,'2024-12-11','08:07:00','17:21:00',0,'Hadir'),
(5789,115,'2024-12-11','07:59:00','17:22:00',0,'Hadir'),
(5790,113,'2024-12-11','08:22:00','16:58:00',0,'Hadir'),
(5791,109,'2024-12-11','07:37:00','17:15:00',0,'Hadir'),
(5792,99,'2024-12-12','08:14:00','17:02:00',0,'Hadir'),
(5793,103,'2024-12-12','08:04:00','16:36:00',0,'Hadir'),
(5794,108,'2024-12-12','07:50:00','19:21:00',117,'Hadir'),
(5795,100,'2024-12-12','07:34:00','16:37:00',0,'Hadir'),
(5796,105,'2024-12-12','07:43:00','17:08:00',0,'Hadir'),
(5797,116,'2024-12-12','08:30:00','17:30:00',0,'Hadir'),
(5798,102,'2024-12-12','07:53:00','16:37:00',0,'Hadir'),
(5799,104,'2024-12-12','07:30:00','16:36:00',0,'Hadir'),
(5800,114,'2024-12-12','08:15:00','19:56:00',178,'Hadir'),
(5801,117,'2024-12-12','07:41:00','16:36:00',0,'Hadir'),
(5802,118,'2024-12-12','08:08:00','16:39:00',0,'Hadir'),
(5803,112,'2024-12-12','07:54:00','18:03:00',71,'Hadir'),
(5804,111,'2024-12-12','08:16:00','17:07:00',0,'Hadir'),
(5805,106,'2024-12-12','08:30:00','17:13:00',0,'Hadir'),
(5806,107,'2024-12-12','08:06:00','18:55:00',94,'Hadir'),
(5807,101,'2024-12-12','08:08:00','18:55:00',89,'Hadir'),
(5808,110,'2024-12-12','08:16:00','17:29:00',0,'Hadir'),
(5809,115,'2024-12-12','07:38:00','17:30:00',0,'Hadir'),
(5810,113,'2024-12-12','08:28:00','18:37:00',76,'Hadir'),
(5811,109,'2024-12-12','07:57:00','18:37:00',114,'Hadir'),
(5812,99,'2024-12-13','07:43:00','16:42:00',0,'Hadir'),
(5813,103,'2024-12-13','08:15:00','16:40:00',0,'Hadir'),
(5814,108,'2024-12-13','08:29:00','16:40:00',0,'Hadir'),
(5815,100,'2024-12-13','07:53:00','17:01:00',0,'Hadir'),
(5816,105,'2024-12-13','07:51:00','17:05:00',0,'Hadir'),
(5817,116,'2024-12-13','08:05:00','17:23:00',31,'Hadir'),
(5818,102,'2024-12-13','07:32:00','16:59:00',0,'Hadir'),
(5819,104,'2024-12-13','08:21:00','16:31:00',0,'Hadir'),
(5820,114,'2024-12-13','08:13:00','17:28:00',0,'Hadir'),
(5821,117,'2024-12-13','07:44:00','17:02:00',0,'Hadir'),
(5822,118,'2024-12-13','08:26:00','17:05:00',0,'Hadir'),
(5823,112,'2024-12-13','07:56:00','16:51:00',0,'Hadir'),
(5824,111,'2024-12-13','08:07:00','16:50:00',0,'Hadir'),
(5825,106,'2024-12-13','08:23:00','17:30:00',0,'Hadir'),
(5826,107,'2024-12-13','07:33:00','18:17:00',52,'Hadir'),
(5827,101,'2024-12-13','07:57:00','18:05:00',90,'Hadir'),
(5828,110,'2024-12-13','07:41:00','16:53:00',0,'Hadir'),
(5829,115,'2024-12-13','08:06:00','18:08:00',82,'Hadir'),
(5830,113,'2024-12-13','07:34:00','19:14:00',122,'Hadir'),
(5831,109,'2024-12-13','07:44:00','17:14:00',0,'Hadir'),
(5832,99,'2024-12-16','07:43:00','16:58:00',0,'Hadir'),
(5833,103,'2024-12-16','08:29:00','18:08:00',63,'Hadir'),
(5834,108,'2024-12-16','08:01:00','16:44:00',0,'Hadir'),
(5835,100,'2024-12-16','07:31:00','17:12:00',0,'Hadir'),
(5836,105,'2024-12-16','08:14:00','16:54:00',0,'Hadir'),
(5837,116,'2024-12-16','07:55:00','17:14:00',0,'Hadir'),
(5838,102,'2024-12-16','08:05:00','16:39:00',0,'Hadir'),
(5839,104,'2024-12-16','08:03:00','17:12:00',0,'Hadir'),
(5840,114,'2024-12-16','08:13:00','16:35:00',0,'Hadir'),
(5841,117,'2024-12-16','07:42:00','16:41:00',0,'Hadir'),
(5842,118,'2024-12-16','07:39:00','16:53:00',0,'Hadir'),
(5843,112,'2024-12-16','07:54:00','17:12:00',0,'Hadir'),
(5844,111,'2024-12-16','07:57:00','16:30:00',0,'Hadir'),
(5845,106,'2024-12-16','08:20:00','17:18:00',0,'Hadir'),
(5846,107,'2024-12-16','08:26:00','17:17:00',0,'Hadir'),
(5847,101,'2024-12-16','07:39:00','17:02:00',0,'Hadir'),
(5848,110,'2024-12-16','08:03:00','17:09:00',0,'Hadir'),
(5849,115,'2024-12-16','00:00:00','00:00:00',0,'Alpha'),
(5850,113,'2024-12-16','07:57:00','16:55:00',0,'Hadir'),
(5851,109,'2024-12-16','07:32:00','16:46:00',0,'Hadir'),
(5852,99,'2024-12-17','07:48:00','19:53:00',162,'Hadir'),
(5853,103,'2024-12-17','00:00:00','00:00:00',0,'Alpha'),
(5854,108,'2024-12-17','07:31:00','20:05:00',158,'Hadir'),
(5855,100,'2024-12-17','07:52:00','17:29:00',0,'Hadir'),
(5856,105,'2024-12-17','07:58:00','17:10:00',0,'Hadir'),
(5857,116,'2024-12-17','08:08:00','16:40:00',0,'Hadir'),
(5858,102,'2024-12-17','07:45:00','16:48:00',0,'Hadir'),
(5859,104,'2024-12-17','07:42:00','16:36:00',0,'Hadir'),
(5860,114,'2024-12-17','07:44:00','16:38:00',0,'Hadir'),
(5861,117,'2024-12-17','08:24:00','17:10:00',0,'Hadir'),
(5862,118,'2024-12-17','08:00:00','17:43:00',52,'Hadir'),
(5863,112,'2024-12-17','08:09:00','16:53:00',0,'Hadir'),
(5864,111,'2024-12-17','07:53:00','16:51:00',0,'Hadir'),
(5865,106,'2024-12-17','07:35:00','16:37:00',0,'Hadir'),
(5866,107,'2024-12-17','08:20:00','16:40:00',0,'Hadir'),
(5867,101,'2024-12-17','07:51:00','17:05:00',0,'Hadir'),
(5868,110,'2024-12-17','07:36:00','17:31:00',61,'Hadir'),
(5869,115,'2024-12-17','00:00:00','00:00:00',0,'Alpha'),
(5870,113,'2024-12-17','07:40:00','19:10:00',142,'Hadir'),
(5871,109,'2024-12-17','08:00:00','16:36:00',0,'Hadir'),
(5872,99,'2024-12-18','08:27:00','17:12:00',0,'Hadir'),
(5873,103,'2024-12-18','08:22:00','19:23:00',169,'Hadir'),
(5874,108,'2024-12-18','08:12:00','17:16:00',0,'Hadir'),
(5875,100,'2024-12-18','07:44:00','18:52:00',137,'Hadir'),
(5876,105,'2024-12-18','08:07:00','16:45:00',0,'Hadir'),
(5877,116,'2024-12-18','08:01:00','16:51:00',0,'Hadir'),
(5878,102,'2024-12-18','08:05:00','16:32:00',0,'Hadir'),
(5879,104,'2024-12-18','08:14:00','16:45:00',0,'Hadir'),
(5880,114,'2024-12-18','07:57:00','16:43:00',0,'Hadir'),
(5881,117,'2024-12-18','08:26:00','16:37:00',0,'Hadir'),
(5882,118,'2024-12-18','08:02:00','17:14:00',0,'Hadir'),
(5883,112,'2024-12-18','08:02:00','19:16:00',156,'Hadir'),
(5884,111,'2024-12-18','07:38:00','17:01:00',0,'Hadir'),
(5885,106,'2024-12-18','07:31:00','17:04:00',0,'Hadir'),
(5886,107,'2024-12-18','07:38:00','17:14:00',0,'Hadir'),
(5887,101,'2024-12-18','07:36:00','17:29:00',0,'Hadir'),
(5888,110,'2024-12-18','08:16:00','17:08:00',0,'Hadir'),
(5889,115,'2024-12-18','08:11:00','19:03:00',101,'Hadir'),
(5890,113,'2024-12-18','08:09:00','19:27:00',156,'Hadir'),
(5891,109,'2024-12-18','08:24:00','17:25:00',0,'Hadir'),
(5892,99,'2024-12-19','07:33:00','17:10:00',0,'Hadir'),
(5893,103,'2024-12-19','07:45:00','17:26:00',0,'Hadir'),
(5894,108,'2024-12-19','08:14:00','17:20:00',0,'Hadir'),
(5895,100,'2024-12-19','08:22:00','16:34:00',0,'Hadir'),
(5896,105,'2024-12-19','07:53:00','16:39:00',0,'Hadir'),
(5897,116,'2024-12-19','08:22:00','17:03:00',0,'Hadir'),
(5898,102,'2024-12-19','07:36:00','16:54:00',0,'Hadir'),
(5899,104,'2024-12-19','08:25:00','16:49:00',0,'Hadir'),
(5900,114,'2024-12-19','07:47:00','17:26:00',0,'Hadir'),
(5901,117,'2024-12-19','08:26:00','16:38:00',0,'Hadir'),
(5902,118,'2024-12-19','07:38:00','20:04:00',155,'Hadir'),
(5903,112,'2024-12-19','00:00:00','00:00:00',0,'Alpha'),
(5904,111,'2024-12-19','08:15:00','16:31:00',0,'Hadir'),
(5905,106,'2024-12-19','08:11:00','17:17:00',0,'Hadir'),
(5906,107,'2024-12-19','07:47:00','16:59:00',0,'Hadir'),
(5907,101,'2024-12-19','07:56:00','18:47:00',136,'Hadir'),
(5908,110,'2024-12-19','08:06:00','17:11:00',0,'Hadir'),
(5909,115,'2024-12-19','07:57:00','18:28:00',76,'Hadir'),
(5910,113,'2024-12-19','07:46:00','18:39:00',104,'Hadir'),
(5911,109,'2024-12-19','08:23:00','17:21:00',0,'Hadir'),
(5912,99,'2024-12-20','08:10:00','17:21:00',39,'Hadir'),
(5913,103,'2024-12-20','08:08:00','18:14:00',88,'Hadir'),
(5914,108,'2024-12-20','00:00:00','00:00:00',0,'Alpha'),
(5915,100,'2024-12-20','08:30:00','17:02:00',0,'Hadir'),
(5916,105,'2024-12-20','07:30:00','16:53:00',0,'Hadir'),
(5917,116,'2024-12-20','07:59:00','17:23:00',0,'Hadir'),
(5918,102,'2024-12-20','08:02:00','17:47:00',34,'Hadir'),
(5919,104,'2024-12-20','08:06:00','17:36:00',44,'Hadir'),
(5920,114,'2024-12-20','07:58:00','17:12:00',0,'Hadir'),
(5921,117,'2024-12-20','08:20:00','16:47:00',0,'Hadir'),
(5922,118,'2024-12-20','07:38:00','17:15:00',0,'Hadir'),
(5923,112,'2024-12-20','07:49:00','16:47:00',0,'Hadir'),
(5924,111,'2024-12-20','08:29:00','17:14:00',0,'Hadir'),
(5925,106,'2024-12-20','07:34:00','16:47:00',0,'Hadir'),
(5926,107,'2024-12-20','07:40:00','16:52:00',0,'Hadir'),
(5927,101,'2024-12-20','07:43:00','16:57:00',0,'Hadir'),
(5928,110,'2024-12-20','08:15:00','16:44:00',0,'Hadir'),
(5929,115,'2024-12-20','07:48:00','18:11:00',99,'Hadir'),
(5930,113,'2024-12-20','08:00:00','16:46:00',0,'Hadir'),
(5931,109,'2024-12-20','07:47:00','19:39:00',129,'Hadir'),
(5932,99,'2024-12-23','07:51:00','16:48:00',0,'Hadir'),
(5933,103,'2024-12-23','07:33:00','16:53:00',0,'Hadir'),
(5934,108,'2024-12-23','08:21:00','16:59:00',0,'Hadir'),
(5935,100,'2024-12-23','08:16:00','17:09:00',0,'Hadir'),
(5936,105,'2024-12-23','08:13:00','16:31:00',0,'Hadir'),
(5937,116,'2024-12-23','08:24:00','16:31:00',0,'Hadir'),
(5938,102,'2024-12-23','08:01:00','18:04:00',70,'Hadir'),
(5939,104,'2024-12-23','07:40:00','17:24:00',0,'Hadir'),
(5940,114,'2024-12-23','08:05:00','17:29:00',0,'Hadir'),
(5941,117,'2024-12-23','07:52:00','16:44:00',0,'Hadir'),
(5942,118,'2024-12-23','07:43:00','16:36:00',0,'Hadir'),
(5943,112,'2024-12-23','08:19:00','16:52:00',0,'Hadir'),
(5944,111,'2024-12-23','08:26:00','16:36:00',0,'Hadir'),
(5945,106,'2024-12-23','08:10:00','17:22:00',0,'Hadir'),
(5946,107,'2024-12-23','08:02:00','16:37:00',0,'Hadir'),
(5947,101,'2024-12-23','07:31:00','17:22:00',0,'Hadir'),
(5948,110,'2024-12-23','08:19:00','17:13:00',0,'Hadir'),
(5949,115,'2024-12-23','08:04:00','16:43:00',0,'Hadir'),
(5950,113,'2024-12-23','08:00:00','16:48:00',0,'Hadir'),
(5951,109,'2024-12-23','00:00:00','00:00:00',0,'Alpha'),
(5952,99,'2024-12-24','07:54:00','16:38:00',0,'Hadir'),
(5953,103,'2024-12-24','07:50:00','17:25:00',0,'Hadir'),
(5954,108,'2024-12-24','07:56:00','16:59:00',0,'Hadir'),
(5955,100,'2024-12-24','00:00:00','00:00:00',0,'Alpha'),
(5956,105,'2024-12-24','08:07:00','17:16:00',0,'Hadir'),
(5957,116,'2024-12-24','08:18:00','17:20:00',0,'Hadir'),
(5958,102,'2024-12-24','07:35:00','16:49:00',0,'Hadir'),
(5959,104,'2024-12-24','08:00:00','18:52:00',97,'Hadir'),
(5960,114,'2024-12-24','08:24:00','19:09:00',136,'Hadir'),
(5961,117,'2024-12-24','07:51:00','17:28:00',0,'Hadir'),
(5962,118,'2024-12-24','07:57:00','16:49:00',0,'Hadir'),
(5963,112,'2024-12-24','08:06:00','16:34:00',0,'Hadir'),
(5964,111,'2024-12-24','00:00:00','00:00:00',0,'Alpha'),
(5965,106,'2024-12-24','00:00:00','00:00:00',0,'Alpha'),
(5966,107,'2024-12-24','08:10:00','17:30:00',0,'Hadir'),
(5967,101,'2024-12-24','08:05:00','16:57:00',0,'Hadir'),
(5968,110,'2024-12-24','07:58:00','17:18:00',0,'Hadir'),
(5969,115,'2024-12-24','07:34:00','17:27:00',0,'Hadir'),
(5970,113,'2024-12-24','07:42:00','17:28:00',0,'Hadir'),
(5971,109,'2024-12-24','07:51:00','18:04:00',63,'Hadir'),
(5972,99,'2024-12-25','08:06:00','17:18:00',0,'Hadir'),
(5973,103,'2024-12-25','07:54:00','18:13:00',76,'Hadir'),
(5974,108,'2024-12-25','07:52:00','16:35:00',0,'Hadir'),
(5975,100,'2024-12-25','07:45:00','17:14:00',0,'Hadir'),
(5976,105,'2024-12-25','08:23:00','16:52:00',0,'Hadir'),
(5977,116,'2024-12-25','00:00:00','00:00:00',0,'Alpha'),
(5978,102,'2024-12-25','07:49:00','16:30:00',0,'Hadir'),
(5979,104,'2024-12-25','00:00:00','00:00:00',0,'Alpha'),
(5980,114,'2024-12-25','08:23:00','16:49:00',0,'Hadir'),
(5981,117,'2024-12-25','07:53:00','18:37:00',72,'Hadir'),
(5982,118,'2024-12-25','08:28:00','17:29:00',0,'Hadir'),
(5983,112,'2024-12-25','07:59:00','16:42:00',0,'Hadir'),
(5984,111,'2024-12-25','07:32:00','17:08:00',0,'Hadir'),
(5985,106,'2024-12-25','08:10:00','19:18:00',142,'Hadir'),
(5986,107,'2024-12-25','07:52:00','18:41:00',97,'Hadir'),
(5987,101,'2024-12-25','08:29:00','16:48:00',0,'Hadir'),
(5988,110,'2024-12-25','07:50:00','17:24:00',0,'Hadir'),
(5989,115,'2024-12-25','07:50:00','18:28:00',85,'Hadir'),
(5990,113,'2024-12-25','07:37:00','17:08:00',0,'Hadir'),
(5991,109,'2024-12-25','07:57:00','17:25:00',0,'Hadir'),
(5992,99,'2024-12-26','00:00:00','00:00:00',0,'Alpha'),
(5993,103,'2024-12-26','07:38:00','17:06:00',0,'Hadir'),
(5994,108,'2024-12-26','08:23:00','17:08:00',0,'Hadir'),
(5995,100,'2024-12-26','08:18:00','17:46:00',57,'Hadir'),
(5996,105,'2024-12-26','08:25:00','19:16:00',107,'Hadir'),
(5997,116,'2024-12-26','08:11:00','17:29:00',0,'Hadir'),
(5998,102,'2024-12-26','08:16:00','17:08:00',0,'Hadir'),
(5999,104,'2024-12-26','07:52:00','16:58:00',0,'Hadir'),
(6000,114,'2024-12-26','07:46:00','17:23:00',0,'Hadir'),
(6001,117,'2024-12-26','07:34:00','17:45:00',55,'Hadir'),
(6002,118,'2024-12-26','08:08:00','17:18:00',0,'Hadir'),
(6003,112,'2024-12-26','07:50:00','17:10:00',0,'Hadir'),
(6004,111,'2024-12-26','08:20:00','19:49:00',160,'Hadir'),
(6005,106,'2024-12-26','07:58:00','17:23:00',31,'Hadir'),
(6006,107,'2024-12-26','07:36:00','17:30:00',0,'Hadir'),
(6007,101,'2024-12-26','08:21:00','18:14:00',97,'Hadir'),
(6008,110,'2024-12-26','08:11:00','16:32:00',0,'Hadir'),
(6009,115,'2024-12-26','08:04:00','16:51:00',0,'Hadir'),
(6010,113,'2024-12-26','08:04:00','16:58:00',0,'Hadir'),
(6011,109,'2024-12-26','08:17:00','17:15:00',0,'Hadir'),
(6012,99,'2024-12-27','07:40:00','17:21:00',0,'Hadir'),
(6013,103,'2024-12-27','07:43:00','16:32:00',0,'Hadir'),
(6014,108,'2024-12-27','08:16:00','17:30:00',0,'Hadir'),
(6015,100,'2024-12-27','08:07:00','17:20:00',0,'Hadir'),
(6016,105,'2024-12-27','08:10:00','17:19:00',0,'Hadir'),
(6017,116,'2024-12-27','07:56:00','17:15:00',0,'Hadir'),
(6018,102,'2024-12-27','08:12:00','16:32:00',0,'Hadir'),
(6019,104,'2024-12-27','07:33:00','18:31:00',95,'Hadir'),
(6020,114,'2024-12-27','08:06:00','16:40:00',0,'Hadir'),
(6021,117,'2024-12-27','07:36:00','16:58:00',0,'Hadir'),
(6022,118,'2024-12-27','07:53:00','17:23:00',0,'Hadir'),
(6023,112,'2024-12-27','00:00:00','00:00:00',0,'Alpha'),
(6024,111,'2024-12-27','08:01:00','19:16:00',145,'Hadir'),
(6025,106,'2024-12-27','08:17:00','17:02:00',0,'Hadir'),
(6026,107,'2024-12-27','07:34:00','17:09:00',0,'Hadir'),
(6027,101,'2024-12-27','08:27:00','18:31:00',76,'Hadir'),
(6028,110,'2024-12-27','00:00:00','00:00:00',0,'Alpha'),
(6029,115,'2024-12-27','00:00:00','00:00:00',0,'Alpha'),
(6030,113,'2024-12-27','08:07:00','17:06:00',0,'Hadir'),
(6031,109,'2024-12-27','07:36:00','17:00:00',0,'Hadir'),
(6032,99,'2024-12-30','08:26:00','16:31:00',0,'Hadir'),
(6033,103,'2024-12-30','00:00:00','00:00:00',0,'Alpha'),
(6034,108,'2024-12-30','07:39:00','17:11:00',0,'Hadir'),
(6035,100,'2024-12-30','08:20:00','16:51:00',0,'Hadir'),
(6036,105,'2024-12-30','08:27:00','18:33:00',112,'Hadir'),
(6037,116,'2024-12-30','08:19:00','17:18:00',0,'Hadir'),
(6038,102,'2024-12-30','08:00:00','16:52:00',0,'Hadir'),
(6039,104,'2024-12-30','08:08:00','16:47:00',0,'Hadir'),
(6040,114,'2024-12-30','07:40:00','17:03:00',0,'Hadir'),
(6041,117,'2024-12-30','07:41:00','16:55:00',0,'Hadir'),
(6042,118,'2024-12-30','07:56:00','17:23:00',0,'Hadir'),
(6043,112,'2024-12-30','08:02:00','16:49:00',0,'Hadir'),
(6044,111,'2024-12-30','08:28:00','17:29:00',0,'Hadir'),
(6045,106,'2024-12-30','00:00:00','00:00:00',0,'Alpha'),
(6046,107,'2024-12-30','07:55:00','17:19:00',0,'Hadir'),
(6047,101,'2024-12-30','08:26:00','16:52:00',0,'Hadir'),
(6048,110,'2024-12-30','07:37:00','17:03:00',0,'Hadir'),
(6049,115,'2024-12-30','08:01:00','17:15:00',0,'Hadir'),
(6050,113,'2024-12-30','07:34:00','17:22:00',0,'Hadir'),
(6051,109,'2024-12-30','07:58:00','16:55:00',0,'Hadir'),
(6052,99,'2024-12-31','08:17:00','18:19:00',108,'Hadir'),
(6053,103,'2024-12-31','07:30:00','17:25:00',0,'Hadir'),
(6054,108,'2024-12-31','00:00:00','00:00:00',0,'Alpha'),
(6055,100,'2024-12-31','08:22:00','18:09:00',84,'Hadir'),
(6056,105,'2024-12-31','08:26:00','16:30:00',0,'Hadir'),
(6057,116,'2024-12-31','07:56:00','17:02:00',0,'Hadir'),
(6058,102,'2024-12-31','08:00:00','16:49:00',0,'Hadir'),
(6059,104,'2024-12-31','08:00:00','17:27:00',0,'Hadir'),
(6060,114,'2024-12-31','08:21:00','17:20:00',0,'Hadir'),
(6061,117,'2024-12-31','08:06:00','18:59:00',107,'Hadir'),
(6062,118,'2024-12-31','08:15:00','16:41:00',0,'Hadir'),
(6063,112,'2024-12-31','07:40:00','16:45:00',0,'Hadir'),
(6064,111,'2024-12-31','07:36:00','17:01:00',0,'Hadir'),
(6065,106,'2024-12-31','08:29:00','16:31:00',0,'Hadir'),
(6066,107,'2024-12-31','08:17:00','17:11:00',0,'Hadir'),
(6067,101,'2024-12-31','07:50:00','19:09:00',150,'Hadir'),
(6068,110,'2024-12-31','00:00:00','00:00:00',0,'Alpha'),
(6069,115,'2024-12-31','08:25:00','17:23:00',0,'Hadir'),
(6070,113,'2024-12-31','07:47:00','17:16:00',0,'Hadir'),
(6071,109,'2024-12-31','08:21:00','17:13:00',0,'Hadir'),
(6072,99,'2025-01-01','07:50:00','16:52:00',0,'Hadir'),
(6073,103,'2025-01-01','08:17:00','16:39:00',0,'Hadir'),
(6074,108,'2025-01-01','07:35:00','16:31:00',0,'Hadir'),
(6075,100,'2025-01-01','07:37:00','16:30:00',0,'Hadir'),
(6076,105,'2025-01-01','07:33:00','17:19:00',0,'Hadir'),
(6077,116,'2025-01-01','07:33:00','19:19:00',125,'Hadir'),
(6078,102,'2025-01-01','08:20:00','16:36:00',0,'Hadir'),
(6079,104,'2025-01-01','07:37:00','16:56:00',0,'Hadir'),
(6080,114,'2025-01-01','07:40:00','17:16:00',0,'Hadir'),
(6081,117,'2025-01-01','08:22:00','17:13:00',43,'Hadir'),
(6082,118,'2025-01-01','07:42:00','17:26:00',0,'Hadir'),
(6083,112,'2025-01-01','08:05:00','16:49:00',0,'Hadir'),
(6084,111,'2025-01-01','07:32:00','17:59:00',33,'Hadir'),
(6085,106,'2025-01-01','08:07:00','17:19:00',0,'Hadir'),
(6086,107,'2025-01-01','08:30:00','16:31:00',0,'Hadir'),
(6087,101,'2025-01-01','07:34:00','17:16:00',0,'Hadir'),
(6088,110,'2025-01-01','08:23:00','17:29:00',0,'Hadir'),
(6089,115,'2025-01-01','07:30:00','16:51:00',0,'Hadir'),
(6090,113,'2025-01-01','07:44:00','19:34:00',134,'Hadir'),
(6091,109,'2025-01-01','08:13:00','16:35:00',0,'Hadir'),
(6092,99,'2025-01-02','00:00:00','00:00:00',0,'Alpha'),
(6093,103,'2025-01-02','08:19:00','19:19:00',141,'Hadir'),
(6094,108,'2025-01-02','07:42:00','17:20:00',0,'Hadir'),
(6095,100,'2025-01-02','07:54:00','17:05:00',0,'Hadir'),
(6096,105,'2025-01-02','07:34:00','16:31:00',0,'Hadir'),
(6097,116,'2025-01-02','08:07:00','17:12:00',0,'Hadir'),
(6098,102,'2025-01-02','07:49:00','16:37:00',0,'Hadir'),
(6099,104,'2025-01-02','07:40:00','16:53:00',0,'Hadir'),
(6100,114,'2025-01-02','07:55:00','16:54:00',0,'Hadir'),
(6101,117,'2025-01-02','08:13:00','17:09:00',0,'Hadir'),
(6102,118,'2025-01-02','08:22:00','17:09:00',0,'Hadir'),
(6103,112,'2025-01-02','07:56:00','17:25:00',0,'Hadir'),
(6104,111,'2025-01-02','07:49:00','17:13:00',0,'Hadir'),
(6105,106,'2025-01-02','08:30:00','16:42:00',0,'Hadir'),
(6106,107,'2025-01-02','07:59:00','18:20:00',83,'Hadir'),
(6107,101,'2025-01-02','07:43:00','16:45:00',0,'Hadir'),
(6108,110,'2025-01-02','08:20:00','16:54:00',0,'Hadir'),
(6109,115,'2025-01-02','08:17:00','17:22:00',0,'Hadir'),
(6110,113,'2025-01-02','08:22:00','17:11:00',0,'Hadir'),
(6111,109,'2025-01-02','07:51:00','18:37:00',83,'Hadir'),
(6112,99,'2025-01-03','08:11:00','17:29:00',0,'Hadir'),
(6113,103,'2025-01-03','08:25:00','16:56:00',0,'Hadir'),
(6114,108,'2025-01-03','08:12:00','17:25:00',0,'Hadir'),
(6115,100,'2025-01-03','07:35:00','16:48:00',0,'Hadir'),
(6116,105,'2025-01-03','08:30:00','17:17:00',0,'Hadir'),
(6117,116,'2025-01-03','08:20:00','16:32:00',0,'Hadir'),
(6118,102,'2025-01-03','07:55:00','16:54:00',0,'Hadir'),
(6119,104,'2025-01-03','07:51:00','16:38:00',0,'Hadir'),
(6120,114,'2025-01-03','07:51:00','16:52:00',0,'Hadir'),
(6121,117,'2025-01-03','07:56:00','16:54:00',0,'Hadir'),
(6122,118,'2025-01-03','08:06:00','17:24:00',0,'Hadir'),
(6123,112,'2025-01-03','08:19:00','19:56:00',151,'Hadir'),
(6124,111,'2025-01-03','08:29:00','17:40:00',65,'Hadir'),
(6125,106,'2025-01-03','07:49:00','17:19:00',0,'Hadir'),
(6126,107,'2025-01-03','08:12:00','17:00:00',0,'Hadir'),
(6127,101,'2025-01-03','07:48:00','17:38:00',30,'Hadir'),
(6128,110,'2025-01-03','07:41:00','16:57:00',0,'Hadir'),
(6129,115,'2025-01-03','08:22:00','16:38:00',0,'Hadir'),
(6130,113,'2025-01-03','08:09:00','17:29:00',0,'Hadir'),
(6131,109,'2025-01-03','08:11:00','16:38:00',0,'Hadir'),
(6132,99,'2025-01-06','07:36:00','17:23:00',0,'Hadir'),
(6133,103,'2025-01-06','08:03:00','17:00:00',0,'Hadir'),
(6134,108,'2025-01-06','08:14:00','16:40:00',0,'Hadir'),
(6135,100,'2025-01-06','07:50:00','17:13:00',0,'Hadir'),
(6136,105,'2025-01-06','07:43:00','17:24:00',0,'Hadir'),
(6137,116,'2025-01-06','08:00:00','17:09:00',0,'Hadir'),
(6138,102,'2025-01-06','08:15:00','16:55:00',0,'Hadir'),
(6139,104,'2025-01-06','08:20:00','17:23:00',0,'Hadir'),
(6140,114,'2025-01-06','07:37:00','16:30:00',0,'Hadir'),
(6141,117,'2025-01-06','08:18:00','16:58:00',0,'Hadir'),
(6142,118,'2025-01-06','07:31:00','16:37:00',0,'Hadir'),
(6143,112,'2025-01-06','07:30:00','18:53:00',133,'Hadir'),
(6144,111,'2025-01-06','08:10:00','16:40:00',0,'Hadir'),
(6145,106,'2025-01-06','07:52:00','18:41:00',108,'Hadir'),
(6146,107,'2025-01-06','07:36:00','19:29:00',119,'Hadir'),
(6147,101,'2025-01-06','07:49:00','17:29:00',0,'Hadir'),
(6148,110,'2025-01-06','08:11:00','16:51:00',0,'Hadir'),
(6149,115,'2025-01-06','08:03:00','17:24:00',0,'Hadir'),
(6150,113,'2025-01-06','07:43:00','16:58:00',0,'Hadir'),
(6151,109,'2025-01-06','08:00:00','17:01:00',0,'Hadir'),
(6152,99,'2025-01-07','07:43:00','16:43:00',0,'Hadir'),
(6153,103,'2025-01-07','00:00:00','00:00:00',0,'Alpha'),
(6154,108,'2025-01-07','08:03:00','16:42:00',0,'Hadir'),
(6155,100,'2025-01-07','07:53:00','16:56:00',0,'Hadir'),
(6156,105,'2025-01-07','08:05:00','17:10:00',0,'Hadir'),
(6157,116,'2025-01-07','07:42:00','17:07:00',0,'Hadir'),
(6158,102,'2025-01-07','08:29:00','18:09:00',71,'Hadir'),
(6159,104,'2025-01-07','08:08:00','17:01:00',0,'Hadir'),
(6160,114,'2025-01-07','07:37:00','18:24:00',57,'Hadir'),
(6161,117,'2025-01-07','07:46:00','17:14:00',0,'Hadir'),
(6162,118,'2025-01-07','08:11:00','16:53:00',0,'Hadir'),
(6163,112,'2025-01-07','08:07:00','17:02:00',0,'Hadir'),
(6164,111,'2025-01-07','08:28:00','17:10:00',0,'Hadir'),
(6165,106,'2025-01-07','00:00:00','00:00:00',0,'Alpha'),
(6166,107,'2025-01-07','07:39:00','17:18:00',0,'Hadir'),
(6167,101,'2025-01-07','08:11:00','16:37:00',0,'Hadir'),
(6168,110,'2025-01-07','08:09:00','16:45:00',0,'Hadir'),
(6169,115,'2025-01-07','08:24:00','17:14:00',0,'Hadir'),
(6170,113,'2025-01-07','08:22:00','17:11:00',0,'Hadir'),
(6171,109,'2025-01-07','08:22:00','16:56:00',0,'Hadir'),
(6172,99,'2025-01-08','00:00:00','00:00:00',0,'Alpha'),
(6173,103,'2025-01-08','08:22:00','17:05:00',0,'Hadir'),
(6174,108,'2025-01-08','07:40:00','17:20:00',0,'Hadir'),
(6175,100,'2025-01-08','08:17:00','17:12:00',0,'Hadir'),
(6176,105,'2025-01-08','07:43:00','17:23:00',0,'Hadir'),
(6177,116,'2025-01-08','07:57:00','17:22:00',0,'Hadir'),
(6178,102,'2025-01-08','07:38:00','17:47:00',52,'Hadir'),
(6179,104,'2025-01-08','07:45:00','16:53:00',0,'Hadir'),
(6180,114,'2025-01-08','00:00:00','00:00:00',0,'Alpha'),
(6181,117,'2025-01-08','07:42:00','17:27:00',0,'Hadir'),
(6182,118,'2025-01-08','07:33:00','17:12:00',0,'Hadir'),
(6183,112,'2025-01-08','07:58:00','17:16:00',0,'Hadir'),
(6184,111,'2025-01-08','07:41:00','17:01:00',0,'Hadir'),
(6185,106,'2025-01-08','07:46:00','16:34:00',0,'Hadir'),
(6186,107,'2025-01-08','08:07:00','16:39:00',0,'Hadir'),
(6187,101,'2025-01-08','08:23:00','17:25:00',0,'Hadir'),
(6188,110,'2025-01-08','08:10:00','17:04:00',0,'Hadir'),
(6189,115,'2025-01-08','07:37:00','17:19:00',0,'Hadir'),
(6190,113,'2025-01-08','08:03:00','16:58:00',0,'Hadir'),
(6191,109,'2025-01-08','07:32:00','16:54:00',0,'Hadir'),
(6192,99,'2025-01-09','08:25:00','17:14:00',0,'Hadir'),
(6193,103,'2025-01-09','07:59:00','17:28:00',0,'Hadir'),
(6194,108,'2025-01-09','08:18:00','19:34:00',152,'Hadir'),
(6195,100,'2025-01-09','08:18:00','17:21:00',0,'Hadir'),
(6196,105,'2025-01-09','08:25:00','17:14:00',0,'Hadir'),
(6197,116,'2025-01-09','08:18:00','16:38:00',0,'Hadir'),
(6198,102,'2025-01-09','08:29:00','17:26:00',0,'Hadir'),
(6199,104,'2025-01-09','08:04:00','17:13:00',0,'Hadir'),
(6200,114,'2025-01-09','00:00:00','00:00:00',0,'Alpha'),
(6201,117,'2025-01-09','08:01:00','16:43:00',0,'Hadir'),
(6202,118,'2025-01-09','07:51:00','19:12:00',102,'Hadir'),
(6203,112,'2025-01-09','07:54:00','17:09:00',0,'Hadir'),
(6204,111,'2025-01-09','07:35:00','19:44:00',139,'Hadir'),
(6205,106,'2025-01-09','00:00:00','00:00:00',0,'Alpha'),
(6206,107,'2025-01-09','08:26:00','17:15:00',0,'Hadir'),
(6207,101,'2025-01-09','08:25:00','16:46:00',0,'Hadir'),
(6208,110,'2025-01-09','00:00:00','00:00:00',0,'Alpha'),
(6209,115,'2025-01-09','07:36:00','17:02:00',0,'Hadir'),
(6210,113,'2025-01-09','07:49:00','17:30:00',0,'Hadir'),
(6211,109,'2025-01-09','07:46:00','16:38:00',0,'Hadir'),
(6212,99,'2025-01-10','07:46:00','17:18:00',0,'Hadir'),
(6213,103,'2025-01-10','07:40:00','16:38:00',0,'Hadir'),
(6214,108,'2025-01-10','07:47:00','16:53:00',0,'Hadir'),
(6215,100,'2025-01-10','08:25:00','17:14:00',0,'Hadir'),
(6216,105,'2025-01-10','08:10:00','16:40:00',0,'Hadir'),
(6217,116,'2025-01-10','08:30:00','17:19:00',0,'Hadir'),
(6218,102,'2025-01-10','08:09:00','17:22:00',0,'Hadir'),
(6219,104,'2025-01-10','07:36:00','16:36:00',0,'Hadir'),
(6220,114,'2025-01-10','07:52:00','17:14:00',0,'Hadir'),
(6221,117,'2025-01-10','08:09:00','16:47:00',0,'Hadir'),
(6222,118,'2025-01-10','08:29:00','16:54:00',0,'Hadir'),
(6223,112,'2025-01-10','07:40:00','16:34:00',0,'Hadir'),
(6224,111,'2025-01-10','07:49:00','17:17:00',0,'Hadir'),
(6225,106,'2025-01-10','07:35:00','16:31:00',0,'Hadir'),
(6226,107,'2025-01-10','08:15:00','18:15:00',45,'Hadir'),
(6227,101,'2025-01-10','08:23:00','17:09:00',0,'Hadir'),
(6228,110,'2025-01-10','07:38:00','17:04:00',0,'Hadir'),
(6229,115,'2025-01-10','08:28:00','19:19:00',160,'Hadir'),
(6230,113,'2025-01-10','00:00:00','00:00:00',0,'Alpha'),
(6231,109,'2025-01-10','07:35:00','16:54:00',0,'Hadir'),
(6232,99,'2025-01-13','07:47:00','17:06:00',0,'Hadir'),
(6233,103,'2025-01-13','08:28:00','17:21:00',0,'Hadir'),
(6234,108,'2025-01-13','08:00:00','17:21:00',0,'Hadir'),
(6235,100,'2025-01-13','07:57:00','19:27:00',145,'Hadir'),
(6236,105,'2025-01-13','08:03:00','16:41:00',0,'Hadir'),
(6237,116,'2025-01-13','07:35:00','17:27:00',39,'Hadir'),
(6238,102,'2025-01-13','07:52:00','16:38:00',0,'Hadir'),
(6239,104,'2025-01-13','08:01:00','16:54:00',0,'Hadir'),
(6240,114,'2025-01-13','08:16:00','17:07:00',0,'Hadir'),
(6241,117,'2025-01-13','08:26:00','17:15:00',0,'Hadir'),
(6242,118,'2025-01-13','08:15:00','18:07:00',86,'Hadir'),
(6243,112,'2025-01-13','08:05:00','16:46:00',0,'Hadir'),
(6244,111,'2025-01-13','07:59:00','16:57:00',0,'Hadir'),
(6245,106,'2025-01-13','07:58:00','16:42:00',0,'Hadir'),
(6246,107,'2025-01-13','08:21:00','17:00:00',0,'Hadir'),
(6247,101,'2025-01-13','00:00:00','00:00:00',0,'Alpha'),
(6248,110,'2025-01-13','08:18:00','16:45:00',0,'Hadir'),
(6249,115,'2025-01-13','07:46:00','17:12:00',0,'Hadir'),
(6250,113,'2025-01-13','08:26:00','17:24:00',0,'Hadir'),
(6251,109,'2025-01-13','08:24:00','17:21:00',0,'Hadir'),
(6252,99,'2025-01-14','08:28:00','17:22:00',0,'Hadir'),
(6253,103,'2025-01-14','08:10:00','16:55:00',0,'Hadir'),
(6254,108,'2025-01-14','07:39:00','16:31:00',0,'Hadir'),
(6255,100,'2025-01-14','07:39:00','19:25:00',128,'Hadir'),
(6256,105,'2025-01-14','08:06:00','16:48:00',0,'Hadir'),
(6257,116,'2025-01-14','08:05:00','18:10:00',67,'Hadir'),
(6258,102,'2025-01-14','07:30:00','17:25:00',0,'Hadir'),
(6259,104,'2025-01-14','08:06:00','16:49:00',0,'Hadir'),
(6260,114,'2025-01-14','08:07:00','16:56:00',0,'Hadir'),
(6261,117,'2025-01-14','08:02:00','18:54:00',136,'Hadir'),
(6262,118,'2025-01-14','07:59:00','16:51:00',0,'Hadir'),
(6263,112,'2025-01-14','07:46:00','17:09:00',0,'Hadir'),
(6264,111,'2025-01-14','07:57:00','17:17:00',0,'Hadir'),
(6265,106,'2025-01-14','08:30:00','17:03:00',0,'Hadir'),
(6266,107,'2025-01-14','08:07:00','17:05:00',0,'Hadir'),
(6267,101,'2025-01-14','08:12:00','18:47:00',80,'Hadir'),
(6268,110,'2025-01-14','07:46:00','17:18:00',0,'Hadir'),
(6269,115,'2025-01-14','07:59:00','16:46:00',0,'Hadir'),
(6270,113,'2025-01-14','08:15:00','18:48:00',124,'Hadir'),
(6271,109,'2025-01-14','08:17:00','18:55:00',133,'Hadir'),
(6272,99,'2025-01-15','07:32:00','17:24:00',0,'Hadir'),
(6273,103,'2025-01-15','07:56:00','16:47:00',0,'Hadir'),
(6274,108,'2025-01-15','07:39:00','16:48:00',0,'Hadir'),
(6275,100,'2025-01-15','07:46:00','16:59:00',0,'Hadir'),
(6276,105,'2025-01-15','07:59:00','18:48:00',134,'Hadir'),
(6277,116,'2025-01-15','07:41:00','16:43:00',0,'Hadir'),
(6278,102,'2025-01-15','07:35:00','16:33:00',0,'Hadir'),
(6279,104,'2025-01-15','07:46:00','17:27:00',0,'Hadir'),
(6280,114,'2025-01-15','08:02:00','17:13:00',0,'Hadir'),
(6281,117,'2025-01-15','08:13:00','16:32:00',0,'Hadir'),
(6282,118,'2025-01-15','08:05:00','17:10:00',0,'Hadir'),
(6283,112,'2025-01-15','08:28:00','16:30:00',0,'Hadir'),
(6284,111,'2025-01-15','08:13:00','18:53:00',128,'Hadir'),
(6285,106,'2025-01-15','08:00:00','18:38:00',115,'Hadir'),
(6286,107,'2025-01-15','07:46:00','16:50:00',0,'Hadir'),
(6287,101,'2025-01-15','08:23:00','16:46:00',0,'Hadir'),
(6288,110,'2025-01-15','08:19:00','17:09:00',0,'Hadir'),
(6289,115,'2025-01-15','08:03:00','16:45:00',0,'Hadir'),
(6290,113,'2025-01-15','08:30:00','18:35:00',101,'Hadir'),
(6291,109,'2025-01-15','08:07:00','17:07:00',0,'Hadir'),
(6292,99,'2025-01-16','08:08:00','18:03:00',90,'Hadir'),
(6293,103,'2025-01-16','07:51:00','17:23:00',0,'Hadir'),
(6294,108,'2025-01-16','08:26:00','17:27:00',0,'Hadir'),
(6295,100,'2025-01-16','08:29:00','16:42:00',0,'Hadir'),
(6296,105,'2025-01-16','07:32:00','16:43:00',0,'Hadir'),
(6297,116,'2025-01-16','07:47:00','16:45:00',0,'Hadir'),
(6298,102,'2025-01-16','08:05:00','16:35:00',0,'Hadir'),
(6299,104,'2025-01-16','08:25:00','16:51:00',0,'Hadir'),
(6300,114,'2025-01-16','08:03:00','17:24:00',0,'Hadir'),
(6301,117,'2025-01-16','08:17:00','18:47:00',81,'Hadir'),
(6302,118,'2025-01-16','08:13:00','17:20:00',0,'Hadir'),
(6303,112,'2025-01-16','07:30:00','16:33:00',0,'Hadir'),
(6304,111,'2025-01-16','07:36:00','17:01:00',0,'Hadir'),
(6305,106,'2025-01-16','07:48:00','16:50:00',0,'Hadir'),
(6306,107,'2025-01-16','08:28:00','18:21:00',71,'Hadir'),
(6307,101,'2025-01-16','00:00:00','00:00:00',0,'Alpha'),
(6308,110,'2025-01-16','07:30:00','17:29:00',0,'Hadir'),
(6309,115,'2025-01-16','07:57:00','17:20:00',0,'Hadir'),
(6310,113,'2025-01-16','07:30:00','17:19:00',0,'Hadir'),
(6311,109,'2025-01-16','08:04:00','18:51:00',130,'Hadir'),
(6312,99,'2025-01-17','08:04:00','19:36:00',175,'Hadir'),
(6313,103,'2025-01-17','00:00:00','00:00:00',0,'Alpha'),
(6314,108,'2025-01-17','07:47:00','16:34:00',0,'Hadir'),
(6315,100,'2025-01-17','08:25:00','16:46:00',0,'Hadir'),
(6316,105,'2025-01-17','07:30:00','17:36:00',39,'Hadir'),
(6317,116,'2025-01-17','08:17:00','16:57:00',0,'Hadir'),
(6318,102,'2025-01-17','08:12:00','17:55:00',45,'Hadir'),
(6319,104,'2025-01-17','08:29:00','19:12:00',122,'Hadir'),
(6320,114,'2025-01-17','07:43:00','16:30:00',0,'Hadir'),
(6321,117,'2025-01-17','07:38:00','16:59:00',0,'Hadir'),
(6322,118,'2025-01-17','07:43:00','17:24:00',0,'Hadir'),
(6323,112,'2025-01-17','08:21:00','17:23:00',0,'Hadir'),
(6324,111,'2025-01-17','07:32:00','16:33:00',0,'Hadir'),
(6325,106,'2025-01-17','08:10:00','18:01:00',35,'Hadir'),
(6326,107,'2025-01-17','08:22:00','17:11:00',0,'Hadir'),
(6327,101,'2025-01-17','07:57:00','16:51:00',0,'Hadir'),
(6328,110,'2025-01-17','08:12:00','16:49:00',0,'Hadir'),
(6329,115,'2025-01-17','08:03:00','18:42:00',93,'Hadir'),
(6330,113,'2025-01-17','07:45:00','16:49:00',0,'Hadir'),
(6331,109,'2025-01-17','07:59:00','16:35:00',0,'Hadir'),
(6332,99,'2025-01-20','08:19:00','19:00:00',144,'Hadir'),
(6333,103,'2025-01-20','07:32:00','18:11:00',72,'Hadir'),
(6334,108,'2025-01-20','08:19:00','16:45:00',0,'Hadir'),
(6335,100,'2025-01-20','07:57:00','16:38:00',0,'Hadir'),
(6336,105,'2025-01-20','08:26:00','17:26:00',0,'Hadir'),
(6337,116,'2025-01-20','08:01:00','18:13:00',77,'Hadir'),
(6338,102,'2025-01-20','07:36:00','16:51:00',0,'Hadir'),
(6339,104,'2025-01-20','08:09:00','17:13:00',31,'Hadir'),
(6340,114,'2025-01-20','08:11:00','17:14:00',0,'Hadir'),
(6341,117,'2025-01-20','07:40:00','17:12:00',0,'Hadir'),
(6342,118,'2025-01-20','07:43:00','16:33:00',0,'Hadir'),
(6343,112,'2025-01-20','07:34:00','16:36:00',0,'Hadir'),
(6344,111,'2025-01-20','08:17:00','18:59:00',135,'Hadir'),
(6345,106,'2025-01-20','08:20:00','17:37:00',47,'Hadir'),
(6346,107,'2025-01-20','08:01:00','16:38:00',0,'Hadir'),
(6347,101,'2025-01-20','07:31:00','17:11:00',0,'Hadir'),
(6348,110,'2025-01-20','08:06:00','17:23:00',40,'Hadir'),
(6349,115,'2025-01-20','07:58:00','17:14:00',0,'Hadir'),
(6350,113,'2025-01-20','07:48:00','17:24:00',0,'Hadir'),
(6351,109,'2025-01-20','08:00:00','17:03:00',0,'Hadir'),
(6352,99,'2025-01-21','07:48:00','16:44:00',0,'Hadir'),
(6353,103,'2025-01-21','08:03:00','19:30:00',177,'Hadir'),
(6354,108,'2025-01-21','07:46:00','17:28:00',0,'Hadir'),
(6355,100,'2025-01-21','08:17:00','18:12:00',56,'Hadir'),
(6356,105,'2025-01-21','07:37:00','18:34:00',86,'Hadir'),
(6357,116,'2025-01-21','07:55:00','16:46:00',0,'Hadir'),
(6358,102,'2025-01-21','08:30:00','19:23:00',131,'Hadir'),
(6359,104,'2025-01-21','08:19:00','16:55:00',0,'Hadir'),
(6360,114,'2025-01-21','07:40:00','17:15:00',0,'Hadir'),
(6361,117,'2025-01-21','07:45:00','16:44:00',0,'Hadir'),
(6362,118,'2025-01-21','08:10:00','17:25:00',0,'Hadir'),
(6363,112,'2025-01-21','07:53:00','17:03:00',0,'Hadir'),
(6364,111,'2025-01-21','07:54:00','19:17:00',126,'Hadir'),
(6365,106,'2025-01-21','07:53:00','16:36:00',0,'Hadir'),
(6366,107,'2025-01-21','08:03:00','17:04:00',0,'Hadir'),
(6367,101,'2025-01-21','08:05:00','16:42:00',0,'Hadir'),
(6368,110,'2025-01-21','07:42:00','17:10:00',0,'Hadir'),
(6369,115,'2025-01-21','08:08:00','17:06:00',0,'Hadir'),
(6370,113,'2025-01-21','07:46:00','16:47:00',0,'Hadir'),
(6371,109,'2025-01-21','08:02:00','16:53:00',0,'Hadir'),
(6372,99,'2025-01-22','08:07:00','18:26:00',106,'Hadir'),
(6373,103,'2025-01-22','08:29:00','17:16:00',0,'Hadir'),
(6374,108,'2025-01-22','00:00:00','00:00:00',0,'Alpha'),
(6375,100,'2025-01-22','08:27:00','17:36:00',34,'Hadir'),
(6376,105,'2025-01-22','08:21:00','16:37:00',0,'Hadir'),
(6377,116,'2025-01-22','08:24:00','17:25:00',0,'Hadir'),
(6378,102,'2025-01-22','08:25:00','16:54:00',0,'Hadir'),
(6379,104,'2025-01-22','08:14:00','16:34:00',0,'Hadir'),
(6380,114,'2025-01-22','07:46:00','16:59:00',0,'Hadir'),
(6381,117,'2025-01-22','07:57:00','18:50:00',105,'Hadir'),
(6382,118,'2025-01-22','08:10:00','16:31:00',0,'Hadir'),
(6383,112,'2025-01-22','08:23:00','19:51:00',162,'Hadir'),
(6384,111,'2025-01-22','07:39:00','18:09:00',95,'Hadir'),
(6385,106,'2025-01-22','08:23:00','16:45:00',0,'Hadir'),
(6386,107,'2025-01-22','08:00:00','17:30:00',0,'Hadir'),
(6387,101,'2025-01-22','08:26:00','16:39:00',0,'Hadir'),
(6388,110,'2025-01-22','07:39:00','16:39:00',0,'Hadir'),
(6389,115,'2025-01-22','07:30:00','17:01:00',0,'Hadir'),
(6390,113,'2025-01-22','08:26:00','17:28:00',0,'Hadir'),
(6391,109,'2025-01-22','08:17:00','17:10:00',0,'Hadir'),
(6392,99,'2025-01-23','07:46:00','17:29:00',0,'Hadir'),
(6393,103,'2025-01-23','07:45:00','17:08:00',0,'Hadir'),
(6394,108,'2025-01-23','08:14:00','19:35:00',127,'Hadir'),
(6395,100,'2025-01-23','00:00:00','00:00:00',0,'Alpha'),
(6396,105,'2025-01-23','08:07:00','18:50:00',93,'Hadir'),
(6397,116,'2025-01-23','08:09:00','17:24:00',0,'Hadir'),
(6398,102,'2025-01-23','08:14:00','17:51:00',53,'Hadir'),
(6399,104,'2025-01-23','08:19:00','16:42:00',0,'Hadir'),
(6400,114,'2025-01-23','07:51:00','17:16:00',0,'Hadir'),
(6401,117,'2025-01-23','07:56:00','17:44:00',69,'Hadir'),
(6402,118,'2025-01-23','07:47:00','16:44:00',0,'Hadir'),
(6403,112,'2025-01-23','08:11:00','17:26:00',0,'Hadir'),
(6404,111,'2025-01-23','08:21:00','16:36:00',0,'Hadir'),
(6405,106,'2025-01-23','07:57:00','17:28:00',0,'Hadir'),
(6406,107,'2025-01-23','07:53:00','17:58:00',85,'Hadir'),
(6407,101,'2025-01-23','07:59:00','16:35:00',0,'Hadir'),
(6408,110,'2025-01-23','08:25:00','17:04:00',0,'Hadir'),
(6409,115,'2025-01-23','08:30:00','16:54:00',0,'Hadir'),
(6410,113,'2025-01-23','08:30:00','17:26:00',0,'Hadir'),
(6411,109,'2025-01-23','08:04:00','17:30:00',0,'Hadir'),
(6412,99,'2025-01-24','08:06:00','17:03:00',0,'Hadir'),
(6413,103,'2025-01-24','07:54:00','16:52:00',0,'Hadir'),
(6414,108,'2025-01-24','07:34:00','16:35:00',0,'Hadir'),
(6415,100,'2025-01-24','07:41:00','16:36:00',0,'Hadir'),
(6416,105,'2025-01-24','07:54:00','17:02:00',0,'Hadir'),
(6417,116,'2025-01-24','08:20:00','17:25:00',0,'Hadir'),
(6418,102,'2025-01-24','07:34:00','17:30:00',0,'Hadir'),
(6419,104,'2025-01-24','07:33:00','16:41:00',0,'Hadir'),
(6420,114,'2025-01-24','07:39:00','17:22:00',0,'Hadir'),
(6421,117,'2025-01-24','08:25:00','16:36:00',0,'Hadir'),
(6422,118,'2025-01-24','07:50:00','17:18:00',0,'Hadir'),
(6423,112,'2025-01-24','08:25:00','17:05:00',0,'Hadir'),
(6424,111,'2025-01-24','07:37:00','17:04:00',0,'Hadir'),
(6425,106,'2025-01-24','07:42:00','17:10:00',0,'Hadir'),
(6426,107,'2025-01-24','08:20:00','17:40:00',38,'Hadir'),
(6427,101,'2025-01-24','08:21:00','17:09:00',0,'Hadir'),
(6428,110,'2025-01-24','07:45:00','18:05:00',62,'Hadir'),
(6429,115,'2025-01-24','07:51:00','17:30:00',0,'Hadir'),
(6430,113,'2025-01-24','08:26:00','17:59:00',52,'Hadir'),
(6431,109,'2025-01-24','07:48:00','18:51:00',118,'Hadir'),
(6432,99,'2025-01-27','08:17:00','17:16:00',0,'Hadir'),
(6433,103,'2025-01-27','07:51:00','18:13:00',73,'Hadir'),
(6434,108,'2025-01-27','08:21:00','16:36:00',0,'Hadir'),
(6435,100,'2025-01-27','08:17:00','20:01:00',151,'Hadir'),
(6436,105,'2025-01-27','08:17:00','17:04:00',0,'Hadir'),
(6437,116,'2025-01-27','07:41:00','17:13:00',0,'Hadir'),
(6438,102,'2025-01-27','08:24:00','20:03:00',180,'Hadir'),
(6439,104,'2025-01-27','07:34:00','17:01:00',0,'Hadir'),
(6440,114,'2025-01-27','00:00:00','00:00:00',0,'Alpha'),
(6441,117,'2025-01-27','08:05:00','16:34:00',0,'Hadir'),
(6442,118,'2025-01-27','07:43:00','19:12:00',142,'Hadir'),
(6443,112,'2025-01-27','07:59:00','17:14:00',0,'Hadir'),
(6444,111,'2025-01-27','08:11:00','17:09:00',0,'Hadir'),
(6445,106,'2025-01-27','08:04:00','16:49:00',0,'Hadir'),
(6446,107,'2025-01-27','07:42:00','17:22:00',0,'Hadir'),
(6447,101,'2025-01-27','07:39:00','17:30:00',0,'Hadir'),
(6448,110,'2025-01-27','07:49:00','16:56:00',0,'Hadir'),
(6449,115,'2025-01-27','07:50:00','17:18:00',0,'Hadir'),
(6450,113,'2025-01-27','08:04:00','17:01:00',0,'Hadir'),
(6451,109,'2025-01-27','07:48:00','17:08:00',0,'Hadir'),
(6452,99,'2025-01-28','08:19:00','18:04:00',44,'Hadir'),
(6453,103,'2025-01-28','07:48:00','17:04:00',0,'Hadir'),
(6454,108,'2025-01-28','07:57:00','17:08:00',0,'Hadir'),
(6455,100,'2025-01-28','07:46:00','17:18:00',0,'Hadir'),
(6456,105,'2025-01-28','07:39:00','16:53:00',0,'Hadir'),
(6457,116,'2025-01-28','08:00:00','16:58:00',0,'Hadir'),
(6458,102,'2025-01-28','07:49:00','17:27:00',0,'Hadir'),
(6459,104,'2025-01-28','08:20:00','17:13:00',0,'Hadir'),
(6460,114,'2025-01-28','08:12:00','16:39:00',0,'Hadir'),
(6461,117,'2025-01-28','00:00:00','00:00:00',0,'Alpha'),
(6462,118,'2025-01-28','07:45:00','17:30:00',0,'Hadir'),
(6463,112,'2025-01-28','08:07:00','17:12:00',0,'Hadir'),
(6464,111,'2025-01-28','07:52:00','16:41:00',0,'Hadir'),
(6465,106,'2025-01-28','07:31:00','16:38:00',0,'Hadir'),
(6466,107,'2025-01-28','08:15:00','17:06:00',0,'Hadir'),
(6467,101,'2025-01-28','07:31:00','16:55:00',0,'Hadir'),
(6468,110,'2025-01-28','08:16:00','19:40:00',150,'Hadir'),
(6469,115,'2025-01-28','07:33:00','16:44:00',0,'Hadir'),
(6470,113,'2025-01-28','07:50:00','19:04:00',104,'Hadir'),
(6471,109,'2025-01-28','08:09:00','17:11:00',0,'Hadir'),
(6472,99,'2025-01-29','08:14:00','17:24:00',0,'Hadir'),
(6473,103,'2025-01-29','07:34:00','17:27:00',0,'Hadir'),
(6474,108,'2025-01-29','07:35:00','19:26:00',168,'Hadir'),
(6475,100,'2025-01-29','07:48:00','17:10:00',0,'Hadir'),
(6476,105,'2025-01-29','08:01:00','19:04:00',138,'Hadir'),
(6477,116,'2025-01-29','08:27:00','17:17:00',0,'Hadir'),
(6478,102,'2025-01-29','08:04:00','17:28:00',0,'Hadir'),
(6479,104,'2025-01-29','08:05:00','17:16:00',0,'Hadir'),
(6480,114,'2025-01-29','07:38:00','16:44:00',0,'Hadir'),
(6481,117,'2025-01-29','08:01:00','16:31:00',0,'Hadir'),
(6482,118,'2025-01-29','08:02:00','19:26:00',148,'Hadir'),
(6483,112,'2025-01-29','08:16:00','17:27:00',0,'Hadir'),
(6484,111,'2025-01-29','07:50:00','19:45:00',152,'Hadir'),
(6485,106,'2025-01-29','08:24:00','19:51:00',164,'Hadir'),
(6486,107,'2025-01-29','07:56:00','17:17:00',0,'Hadir'),
(6487,101,'2025-01-29','07:30:00','17:22:00',0,'Hadir'),
(6488,110,'2025-01-29','08:16:00','16:32:00',0,'Hadir'),
(6489,115,'2025-01-29','07:36:00','16:45:00',0,'Hadir'),
(6490,113,'2025-01-29','08:00:00','19:24:00',148,'Hadir'),
(6491,109,'2025-01-29','08:07:00','18:02:00',57,'Hadir'),
(6492,99,'2025-01-30','07:34:00','16:32:00',0,'Hadir'),
(6493,103,'2025-01-30','08:01:00','17:19:00',0,'Hadir'),
(6494,108,'2025-01-30','08:06:00','16:38:00',0,'Hadir'),
(6495,100,'2025-01-30','00:00:00','00:00:00',0,'Alpha'),
(6496,105,'2025-01-30','08:27:00','17:03:00',0,'Hadir'),
(6497,116,'2025-01-30','07:31:00','16:59:00',0,'Hadir'),
(6498,102,'2025-01-30','07:45:00','16:53:00',0,'Hadir'),
(6499,104,'2025-01-30','07:31:00','17:02:00',0,'Hadir'),
(6500,114,'2025-01-30','07:31:00','16:35:00',0,'Hadir'),
(6501,117,'2025-01-30','08:22:00','16:34:00',0,'Hadir'),
(6502,118,'2025-01-30','08:15:00','17:41:00',63,'Hadir'),
(6503,112,'2025-01-30','07:36:00','16:35:00',0,'Hadir'),
(6504,111,'2025-01-30','07:37:00','17:12:00',0,'Hadir'),
(6505,106,'2025-01-30','07:33:00','16:36:00',0,'Hadir'),
(6506,107,'2025-01-30','07:30:00','16:34:00',0,'Hadir'),
(6507,101,'2025-01-30','07:36:00','18:33:00',106,'Hadir'),
(6508,110,'2025-01-30','08:07:00','19:07:00',122,'Hadir'),
(6509,115,'2025-01-30','08:21:00','16:50:00',0,'Hadir'),
(6510,113,'2025-01-30','08:30:00','17:30:00',0,'Hadir'),
(6511,109,'2025-01-30','08:13:00','17:05:00',0,'Hadir'),
(6512,99,'2025-01-31','07:52:00','17:39:00',33,'Hadir'),
(6513,103,'2025-01-31','07:50:00','17:46:00',69,'Hadir'),
(6514,108,'2025-01-31','07:36:00','16:39:00',0,'Hadir'),
(6515,100,'2025-01-31','07:56:00','17:26:00',0,'Hadir'),
(6516,105,'2025-01-31','07:49:00','16:35:00',0,'Hadir'),
(6517,116,'2025-01-31','00:00:00','00:00:00',0,'Alpha'),
(6518,102,'2025-01-31','07:47:00','17:21:00',0,'Hadir'),
(6519,104,'2025-01-31','07:52:00','17:11:00',0,'Hadir'),
(6520,114,'2025-01-31','08:20:00','17:00:00',0,'Hadir'),
(6521,117,'2025-01-31','07:39:00','17:10:00',0,'Hadir'),
(6522,118,'2025-01-31','07:47:00','19:34:00',142,'Hadir'),
(6523,112,'2025-01-31','07:52:00','17:20:00',0,'Hadir'),
(6524,111,'2025-01-31','07:38:00','16:49:00',0,'Hadir'),
(6525,106,'2025-01-31','08:26:00','19:15:00',138,'Hadir'),
(6526,107,'2025-01-31','07:33:00','16:57:00',0,'Hadir'),
(6527,101,'2025-01-31','07:51:00','17:20:00',0,'Hadir'),
(6528,110,'2025-01-31','08:22:00','16:38:00',0,'Hadir'),
(6529,115,'2025-01-31','07:53:00','17:20:00',0,'Hadir'),
(6530,113,'2025-01-31','07:36:00','16:51:00',0,'Hadir'),
(6531,109,'2025-01-31','08:13:00','16:47:00',0,'Hadir');
/*!40000 ALTER TABLE `tb_absensi` ENABLE KEYS */;
UNLOCK TABLES;

--
-- Table structure for table `tb_gaji`
--

DROP TABLE IF EXISTS `tb_gaji`;
/*!40101 SET @saved_cs_client     = @@character_set_client */;
/*!40101 SET character_set_client = utf8 */;
CREATE TABLE `tb_gaji` (
  `id` int(11) NOT NULL AUTO_INCREMENT,
  `karyawan_id` int(11) NOT NULL,
  `periode` varchar(7) NOT NULL,
  `gaji_pokok` int(11) NOT NULL,
  `gaji_lembur` int(11) NOT NULL,
  `gaji_total` int(11) DEFAULT NULL,
  `total_lembur` int(11) DEFAULT 0,
  `status` enum('PENDING','DISETUJUI','DITOLAK') NOT NULL DEFAULT 'PENDING',
  PRIMARY KEY (`id`),
  KEY `karyawan_id` (`karyawan_id`),
  CONSTRAINT `tb_gaji_ibfk_1` FOREIGN KEY (`karyawan_id`) REFERENCES `tb_karyawan` (`id`) ON DELETE CASCADE
) ENGINE=InnoDB AUTO_INCREMENT=397 DEFAULT CHARSET=utf8mb4 COLLATE=utf8mb4_unicode_ci;
/*!40101 SET character_set_client = @saved_cs_client */;

--
-- Dumping data for table `tb_gaji`
--

LOCK TABLES `tb_gaji` WRITE;
/*!40000 ALTER TABLE `tb_gaji` DISABLE KEYS */;
/*!40000 ALTER TABLE `tb_gaji` ENABLE KEYS */;
UNLOCK TABLES;

--
-- Table structure for table `tb_jabatan`
--

DROP TABLE IF EXISTS `tb_jabatan`;
/*!40101 SET @saved_cs_client     = @@character_set_client */;
/*!40101 SET character_set_client = utf8 */;
CREATE TABLE `tb_jabatan` (
  `id` int(11) NOT NULL AUTO_INCREMENT,
  `jabatan` varchar(50) NOT NULL,
  `gaji` int(11) NOT NULL,
  PRIMARY KEY (`id`)
) ENGINE=InnoDB AUTO_INCREMENT=19 DEFAULT CHARSET=utf8mb4 COLLATE=utf8mb4_unicode_ci;
/*!40101 SET character_set_client = @saved_cs_client */;

--
-- Dumping data for table `tb_jabatan`
--

LOCK TABLES `tb_jabatan` WRITE;
/*!40000 ALTER TABLE `tb_jabatan` DISABLE KEYS */;
INSERT INTO `tb_jabatan` VALUES
(1,'Direktur Utama',100000000),
(2,'Direktur Operasional',80000000),
(3,'General Manager (GM)',60000000),
(4,'Manager Departemen',40000000),
(5,'Supervisor Tambang',20000000),
(6,'Geologis',25000000),
(7,'Insinyur Pertambangan',22000000),
(8,'Surveyor Tambang',15000000),
(9,'Quality Control (QC)',12000000),
(10,'Operator Alat Berat',10000000),
(11,'Driller & Blaster',9000000),
(12,'Teknisi Mekanik',8500000),
(13,'Welder (Tukang Las)',8000000),
(14,'Helper Tambang',7000000),
(15,'Staff Administrasi',6500000),
(16,'HRD & Payroll',7500000),
(17,'Keamanan (Security)',5500000),
(18,'Petugas Kebersihan & Catering',5000000);
/*!40000 ALTER TABLE `tb_jabatan` ENABLE KEYS */;
UNLOCK TABLES;

--
-- Table structure for table `tb_karyawan`
--

DROP TABLE IF EXISTS `tb_karyawan`;
/*!40101 SET @saved_cs_client     = @@character_set_client */;
/*!40101 SET character_set_client = utf8 */;
CREATE TABLE `tb_karyawan` (
  `id` int(11) NOT NULL AUTO_INCREMENT,
  `nama` varchar(100) NOT NULL,
  `nik` varchar(50) NOT NULL,
  `tanggal_lahir` date NOT NULL,
  `alamat` text NOT NULL,
  `jabatan` varchar(50) NOT NULL,
  `gaji` int(11) NOT NULL,
  PRIMARY KEY (`id`),
  UNIQUE KEY `nik` (`nik`)
) ENGINE=InnoDB AUTO_INCREMENT=119 DEFAULT CHARSET=utf8mb4 COLLATE=utf8mb4_unicode_ci;
/*!40101 SET character_set_client = @saved_cs_client */;

--
-- Dumping data for table `tb_karyawan`
--

LOCK TABLES `tb_karyawan` WRITE;
/*!40000 ALTER TABLE `tb_karyawan` DISABLE KEYS */;
INSERT INTO `tb_karyawan` VALUES
(99,'Eli Wijaya','1113756122052501','1968-11-22','Gg. Cihampelas No. 891\nKotamobagu, JK 32087','Staff Administrasi',6500000),
(100,'Reza Maheswara','1901083092054966','1966-08-23','Jalan Cikutra Timur No. 921\nKotamobagu, Papua Barat 13131','Petugas Kebersihan & Catering',5000000),
(101,'drg. Zamira Salahudin, S.T.','7820178728029543','2004-07-26','Jalan KH Amin Jasuta No. 4\nSurabaya, Kepulauan Bangka Belitung 21640','Direktur Utama',100000000),
(102,'Juli Firgantoro, S.I.Kom','4575650901371277','2002-05-10','Jl. Joyoboyo No. 4\nBau-Bau, NB 03433','Staff Administrasi',6500000),
(103,'Ikin Safitri','1817781856554201','1964-09-08','Jl. Suryakencana No. 4\nKupang, Sulawesi Tengah 83961','Welder (Tukang Las)',8000000),
(104,'Dimas Padmasari','5037178734486011','1988-06-28','Jl. Cikutra Barat No. 85\nKota Administrasi Jakarta Selatan, Jawa Tengah 74921','Staff Administrasi',6500000),
(105,'Drs. Dian Widodo, S.Psi','2962027249209348','1980-07-30','Gg. Surapati No. 581\nKota Administrasi Jakarta Utara, GO 73204','Welder (Tukang Las)',8000000),
(106,'Yunita Mandala','7022151289456558','2001-08-05','Jalan Moch. Ramdan No. 01\nPekanbaru, LA 03419','Insinyur Pertambangan',22000000),
(107,'R. Vanya Saragih, S.Gz','7393126250278563','1992-04-17','Gg. W.R. Supratman No. 2\nSurabaya, Aceh 01436','Welder (Tukang Las)',8000000),
(108,'Padma Mustofa','1869335902169333','1986-10-02','Gang Sukajadi No. 84\nSurakarta, JI 54902','Direktur Utama',100000000),
(109,'Dalima Pranowo','8991418179865440','1980-10-13','Gg. Pasteur No. 6\nSubulussalam, DKI Jakarta 11492','Staff Administrasi',6500000),
(110,'Sarah Gunarto','8237554104890837','1997-12-02','Gg. Sadang Serang No. 19\nPariaman, KI 66574','Geologis',25000000),
(111,'Dodo Simanjuntak, S.T.','6811283710032941','1980-05-20','Gg. Dipenogoro No. 709\nSamarinda, Bengkulu 10577','Helper Tambang',7000000),
(112,'Raisa Salahudin','6114710248492531','1991-02-07','Gang Siliwangi No. 24\nTual, JK 79563','Supervisor Tambang',20000000),
(113,'Tgk. Vanesa Handayani','8920441208086291','1967-08-01','Jl. Pacuan Kuda No. 795\nTernate, KI 44861','Helper Tambang',7000000),
(114,'Oskar Padmasari','5750723496530464','1984-02-09','Jalan M.T Haryono No. 079\nPangkalpinang, SR 20076','Manager Departemen',40000000),
(115,'Tgk. Enteng Gunawan','8785851558325925','1992-06-09','Jl. Laswi No. 0\nSungai Penuh, DKI Jakarta 82663','Insinyur Pertambangan',22000000),
(116,'Cut Sari Waskita','4554937555001597','1988-08-24','Jalan Gedebage Selatan No. 53\nKota Administrasi Jakarta Barat, Nusa Tenggara Barat 32029','Operator Alat Berat',10000000),
(117,'Ajimin Lazuardi','5981397530053751','1993-10-08','Jl. Rungkut Industri No. 57\nPangkalpinang, Banten 84129','HRD & Payroll',7500000),
(118,'Martani Utami, M.M.','6085095101180096','1999-08-29','Gang Veteran No. 545\nJayapura, RI 93209','Welder (Tukang Las)',8000000);
/*!40000 ALTER TABLE `tb_karyawan` ENABLE KEYS */;
UNLOCK TABLES;

--
-- Table structure for table `tb_pembayaran`
--

DROP TABLE IF EXISTS `tb_pembayaran`;
/*!40101 SET @saved_cs_client     = @@character_set_client */;
/*!40101 SET character_set_client = utf8 */;
CREATE TABLE `tb_pembayaran` (
  `id` int(11) NOT NULL AUTO_INCREMENT,
  `gaji_id` int(11) NOT NULL,
  `tanggal_bayar` date NOT NULL,
  PRIMARY KEY (`id`),
  KEY `gaji_id` (`gaji_id`),
  CONSTRAINT `tb_pembayaran_ibfk_1` FOREIGN KEY (`gaji_id`) REFERENCES `tb_gaji` (`id`) ON DELETE CASCADE
) ENGINE=InnoDB DEFAULT CHARSET=utf8mb4 COLLATE=utf8mb4_unicode_ci;
/*!40101 SET character_set_client = @saved_cs_client */;

--
-- Dumping data for table `tb_pembayaran`
--

LOCK TABLES `tb_pembayaran` WRITE;
/*!40000 ALTER TABLE `tb_pembayaran` DISABLE KEYS */;
/*!40000 ALTER TABLE `tb_pembayaran` ENABLE KEYS */;
UNLOCK TABLES;

--
-- Table structure for table `tb_users`
--

DROP TABLE IF EXISTS `tb_users`;
/*!40101 SET @saved_cs_client     = @@character_set_client */;
/*!40101 SET character_set_client = utf8 */;
CREATE TABLE `tb_users` (
  `id` int(11) NOT NULL AUTO_INCREMENT,
  `username` varchar(50) NOT NULL,
  `password` varchar(255) NOT NULL,
  `name` varchar(100) NOT NULL,
  `email` varchar(100) DEFAULT NULL,
  `role` enum('HRD','KEUANGAN','PIMPINAN','KARYAWAN') NOT NULL,
  `created_at` timestamp NULL DEFAULT current_timestamp(),
  PRIMARY KEY (`id`),
  UNIQUE KEY `username` (`username`)
) ENGINE=InnoDB AUTO_INCREMENT=72 DEFAULT CHARSET=utf8mb4 COLLATE=utf8mb4_unicode_ci;
/*!40101 SET character_set_client = @saved_cs_client */;

--
-- Dumping data for table `tb_users`
--

LOCK TABLES `tb_users` WRITE;
/*!40000 ALTER TABLE `tb_users` DISABLE KEYS */;
INSERT INTO `tb_users` VALUES
(1,'hrd_user','$2y$10$ghHa5eVSoTDW7WP6Yl4Vuuw4.gCOxRWXEpADTk5DsFKIimOfT2JMa','HRD Manager','hrd@example.com','HRD','2025-01-11 22:55:54'),
(2,'keuangan_user','$2y$10$ghHa5eVSoTDW7WP6Yl4Vuuw4.gCOxRWXEpADTk5DsFKIimOfT2JMa','Finance Officer','keuangan@example.com','KEUANGAN','2025-01-11 22:56:07'),
(3,'pimpinan_user','$2y$10$ghHa5eVSoTDW7WP6Yl4Vuuw4.gCOxRWXEpADTk5DsFKIimOfT2JMa','CEO','pimpinan@example.com','PIMPINAN','2025-01-11 22:56:15'),
(52,'1113756122052501','$2y$10$ghHa5eVSoTDW7WP6Yl4Vuuw4.gCOxRWXEpADTk5DsFKIimOfT2JMa','Eli Wijaya',NULL,'KARYAWAN','2025-02-01 10:09:13'),
(53,'1901083092054966','$2y$10$ghHa5eVSoTDW7WP6Yl4Vuuw4.gCOxRWXEpADTk5DsFKIimOfT2JMa','Reza Maheswara',NULL,'KARYAWAN','2025-02-01 10:09:13'),
(54,'7820178728029543','$2y$10$ghHa5eVSoTDW7WP6Yl4Vuuw4.gCOxRWXEpADTk5DsFKIimOfT2JMa','drg. Zamira Salahudin, S.T.',NULL,'KARYAWAN','2025-02-01 10:09:13'),
(55,'4575650901371277','$2y$10$ghHa5eVSoTDW7WP6Yl4Vuuw4.gCOxRWXEpADTk5DsFKIimOfT2JMa','Juli Firgantoro, S.I.Kom',NULL,'KARYAWAN','2025-02-01 10:09:13'),
(56,'1817781856554201','$2y$10$ghHa5eVSoTDW7WP6Yl4Vuuw4.gCOxRWXEpADTk5DsFKIimOfT2JMa','Ikin Safitri',NULL,'KARYAWAN','2025-02-01 10:09:13'),
(57,'5037178734486011','$2y$10$ghHa5eVSoTDW7WP6Yl4Vuuw4.gCOxRWXEpADTk5DsFKIimOfT2JMa','Dimas Padmasari',NULL,'KARYAWAN','2025-02-01 10:09:13'),
(58,'2962027249209348','$2y$10$ghHa5eVSoTDW7WP6Yl4Vuuw4.gCOxRWXEpADTk5DsFKIimOfT2JMa','Drs. Dian Widodo, S.Psi',NULL,'KARYAWAN','2025-02-01 10:09:13'),
(59,'7022151289456558','$2y$10$ghHa5eVSoTDW7WP6Yl4Vuuw4.gCOxRWXEpADTk5DsFKIimOfT2JMa','Yunita Mandala',NULL,'KARYAWAN','2025-02-01 10:09:13'),
(60,'7393126250278563','$2y$10$ghHa5eVSoTDW7WP6Yl4Vuuw4.gCOxRWXEpADTk5DsFKIimOfT2JMa','R. Vanya Saragih, S.Gz',NULL,'KARYAWAN','2025-02-01 10:09:13'),
(61,'1869335902169333','$2y$10$ghHa5eVSoTDW7WP6Yl4Vuuw4.gCOxRWXEpADTk5DsFKIimOfT2JMa','Padma Mustofa',NULL,'KARYAWAN','2025-02-01 10:09:13'),
(62,'8991418179865440','$2y$10$ghHa5eVSoTDW7WP6Yl4Vuuw4.gCOxRWXEpADTk5DsFKIimOfT2JMa','Dalima Pranowo',NULL,'KARYAWAN','2025-02-01 10:09:13'),
(63,'8237554104890837','$2y$10$ghHa5eVSoTDW7WP6Yl4Vuuw4.gCOxRWXEpADTk5DsFKIimOfT2JMa','Sarah Gunarto',NULL,'KARYAWAN','2025-02-01 10:09:13'),
(64,'6811283710032941','$2y$10$ghHa5eVSoTDW7WP6Yl4Vuuw4.gCOxRWXEpADTk5DsFKIimOfT2JMa','Dodo Simanjuntak, S.T.',NULL,'KARYAWAN','2025-02-01 10:09:13'),
(65,'6114710248492531','$2y$10$ghHa5eVSoTDW7WP6Yl4Vuuw4.gCOxRWXEpADTk5DsFKIimOfT2JMa','Raisa Salahudin',NULL,'KARYAWAN','2025-02-01 10:09:13'),
(66,'8920441208086291','$2y$10$ghHa5eVSoTDW7WP6Yl4Vuuw4.gCOxRWXEpADTk5DsFKIimOfT2JMa','Tgk. Vanesa Handayani',NULL,'KARYAWAN','2025-02-01 10:09:13'),
(67,'5750723496530464','$2y$10$ghHa5eVSoTDW7WP6Yl4Vuuw4.gCOxRWXEpADTk5DsFKIimOfT2JMa','Oskar Padmasari',NULL,'KARYAWAN','2025-02-01 10:09:13'),
(68,'8785851558325925','$2y$10$ghHa5eVSoTDW7WP6Yl4Vuuw4.gCOxRWXEpADTk5DsFKIimOfT2JMa','Tgk. Enteng Gunawan',NULL,'KARYAWAN','2025-02-01 10:09:13'),
(69,'4554937555001597','$2y$10$ghHa5eVSoTDW7WP6Yl4Vuuw4.gCOxRWXEpADTk5DsFKIimOfT2JMa','Cut Sari Waskita',NULL,'KARYAWAN','2025-02-01 10:09:13'),
(70,'5981397530053751','$2y$10$ghHa5eVSoTDW7WP6Yl4Vuuw4.gCOxRWXEpADTk5DsFKIimOfT2JMa','Ajimin Lazuardi',NULL,'KARYAWAN','2025-02-01 10:09:13'),
(71,'6085095101180096','$2y$10$ghHa5eVSoTDW7WP6Yl4Vuuw4.gCOxRWXEpADTk5DsFKIimOfT2JMa','Martani Utami, M.M.',NULL,'KARYAWAN','2025-02-01 10:09:13');
/*!40000 ALTER TABLE `tb_users` ENABLE KEYS */;
UNLOCK TABLES;
/*!40103 SET TIME_ZONE=@OLD_TIME_ZONE */;

/*!40101 SET SQL_MODE=@OLD_SQL_MODE */;
/*!40014 SET FOREIGN_KEY_CHECKS=@OLD_FOREIGN_KEY_CHECKS */;
/*!40014 SET UNIQUE_CHECKS=@OLD_UNIQUE_CHECKS */;
/*!40101 SET CHARACTER_SET_CLIENT=@OLD_CHARACTER_SET_CLIENT */;
/*!40101 SET CHARACTER_SET_RESULTS=@OLD_CHARACTER_SET_RESULTS */;
/*!40101 SET COLLATION_CONNECTION=@OLD_COLLATION_CONNECTION */;
/*M!100616 SET NOTE_VERBOSITY=@OLD_NOTE_VERBOSITY */;

-- Dump completed on 2025-02-01 18:09:54
